case,target,wanted,reached,result
restore_wild_feedback_preset_0,feedback,0.478686,0.478686,REACHED
restore_wild_feedback_preset_0,feedback,0.478686,0.478686,REACHED
restore_bloom_feedback_preset_0,feedback,0.42304,0.42304,REACHED
restore_bloom_feedback_preset_0,feedback,0.42304,0.42304,REACHED
restore_space_shimmer_preset_0,shimmerAmount,0.112,0.112,REACHED
restore_space_shimmer_preset_0,shimmerAmount,0.112,0.112,REACHED
restore_bloom_shimmer_preset_0,shimmerAmount,0.064,0.064,REACHED
restore_bloom_shimmer_preset_0,shimmerAmount,0.064,0.064,REACHED
restore_space_spatial_preset_0,diffusion,0.613,0.613,REACHED
restore_space_spatial_preset_0,wetWidth,0.7225,0.7225,REACHED
restore_space_spatial_preset_0,diffusion,0.613,0.613,REACHED
restore_space_spatial_preset_0,wetWidth,0.7225,0.7225,REACHED
restore_wild_modulation_preset_0,chaos,0.002125,0.01377,LIMITED
restore_wild_modulation_preset_0,wobble,0.101875,0.101875,REACHED
restore_wild_modulation_preset_0,modDepth,0.101875,0.101875,REACHED
restore_wild_modulation_preset_0,modRateHz,0.166435,0.166435,REACHED
restore_wild_modulation_preset_0,chaos,0.002125,0.01377,LIMITED
restore_wild_modulation_preset_0,wobble,0.101875,0.101875,REACHED
restore_wild_modulation_preset_0,modDepth,0.101875,0.101875,REACHED
restore_wild_modulation_preset_0,modRateHz,0.166435,0.166435,REACHED
restore_space_time_tone_preset_0,timeMs,524.535,524.535,REACHED
restore_space_time_tone_preset_0,lowCutHz,97.3091,97.3091,REACHED
restore_space_time_tone_preset_0,highCutHz,7678.44,7678.44,REACHED
restore_space_time_tone_preset_0,timeMs,524.535,524.535,REACHED
restore_space_time_tone_preset_0,lowCutHz,97.3091,97.3091,REACHED
restore_space_time_tone_preset_0,highCutHz,7678.44,7678.44,REACHED
restore_bloom_tone_mix_preset_0,highCutHz,7616.5,7616.49,REACHED
restore_bloom_tone_mix_preset_0,mix,0.354,0.354,REACHED
restore_bloom_tone_mix_preset_0,highCutHz,7616.5,7616.49,REACHED
restore_bloom_tone_mix_preset_0,mix,0.354,0.354,REACHED
restore_wild_feedback_preset_1,feedback,0.725038,0.725038,REACHED
restore_wild_feedback_preset_1,feedback,0.725038,0.725038,REACHED
restore_bloom_feedback_preset_1,feedback,0.624592,0.624591,REACHED
restore_bloom_feedback_preset_1,feedback,0.624592,0.624591,REACHED
restore_space_shimmer_preset_1,shimmerAmount,0.1856,0.1856,REACHED
restore_space_shimmer_preset_1,shimmerAmount,0.1856,0.1856,REACHED
restore_bloom_shimmer_preset_1,shimmerAmount,0.1256,0.1256,REACHED
restore_bloom_shimmer_preset_1,shimmerAmount,0.1256,0.1256,REACHED
restore_space_spatial_preset_1,diffusion,0.9404,0.9404,REACHED
restore_space_spatial_preset_1,wetWidth,0.803,0.803,REACHED
restore_space_spatial_preset_1,diffusion,0.9404,0.9404,REACHED
restore_space_spatial_preset_1,wetWidth,0.803,0.803,REACHED
restore_wild_modulation_preset_1,chaos,0.01224,0.0369792,LIMITED
restore_wild_modulation_preset_1,wobble,0.1108,0.1108,REACHED
restore_wild_modulation_preset_1,modDepth,0.1108,0.1108,REACHED
restore_wild_modulation_preset_1,modRateHz,0.192514,0.192514,REACHED
restore_wild_modulation_preset_1,chaos,0.01224,0.0369792,LIMITED
restore_wild_modulation_preset_1,wobble,0.1108,0.1108,REACHED
restore_wild_modulation_preset_1,modDepth,0.1108,0.1108,REACHED
restore_wild_modulation_preset_1,modRateHz,0.192514,0.192514,REACHED
restore_space_time_tone_preset_1,timeMs,1026.36,1026.36,REACHED
restore_space_time_tone_preset_1,lowCutHz,110.676,110.676,REACHED
restore_space_time_tone_preset_1,highCutHz,9004.95,9004.95,REACHED
restore_space_time_tone_preset_1,timeMs,1026.36,1026.36,REACHED
restore_space_time_tone_preset_1,lowCutHz,110.676,110.676,REACHED
restore_space_time_tone_preset_1,highCutHz,9004.95,9004.95,REACHED
restore_bloom_tone_mix_preset_1,highCutHz,8478.63,8478.63,REACHED
restore_bloom_tone_mix_preset_1,mix,0.5348,0.5348,REACHED
restore_bloom_tone_mix_preset_1,highCutHz,8478.63,8478.63,REACHED
restore_bloom_tone_mix_preset_1,mix,0.5348,0.5348,REACHED
restore_wild_feedback_preset_2,feedback,0.647417,0.647417,REACHED
restore_wild_feedback_preset_2,feedback,0.647417,0.647417,REACHED
restore_bloom_feedback_preset_2,feedback,0.466358,0.466358,REACHED
restore_bloom_feedback_preset_2,feedback,0.466358,0.466358,REACHED
restore_space_shimmer_preset_2,shimmerAmount,0.1344,0.1344,REACHED
restore_space_shimmer_preset_2,shimmerAmount,0.1344,0.1344,REACHED
restore_bloom_shimmer_preset_2,shimmerAmount,0.0876,0.0876,REACHED
restore_bloom_shimmer_preset_2,shimmerAmount,0.0876,0.0876,REACHED
restore_space_spatial_preset_2,diffusion,0.5596,0.5596,REACHED
restore_space_spatial_preset_2,wetWidth,0.887,0.887,REACHED
restore_space_spatial_preset_2,diffusion,0.5596,0.5596,REACHED
restore_space_spatial_preset_2,wetWidth,0.887,0.887,REACHED
restore_wild_modulation_preset_2,chaos,0.06664,0.107251,LIMITED
restore_wild_modulation_preset_2,wobble,0.3788,0.3788,REACHED
restore_wild_modulation_preset_2,modDepth,0.3388,0.3388,REACHED
restore_wild_modulation_preset_2,modRateHz,0.438507,0.438507,REACHED
restore_wild_modulation_preset_2,chaos,0.06664,0.107251,LIMITED
restore_wild_modulation_preset_2,wobble,0.3788,0.3788,REACHED
restore_wild_modulation_preset_2,modDepth,0.3388,0.3388,REACHED
restore_wild_modulation_preset_2,modRateHz,0.438507,0.438507,REACHED
restore_space_time_tone_preset_2,timeMs,744.486,744.486,REACHED
restore_space_time_tone_preset_2,lowCutHz,101.197,101.197,REACHED
restore_space_time_tone_preset_2,highCutHz,8686.08,8686.08,REACHED
restore_space_time_tone_preset_2,timeMs,744.486,744.486,REACHED
restore_space_time_tone_preset_2,lowCutHz,101.197,101.197,REACHED
restore_space_time_tone_preset_2,highCutHz,8686.08,8686.08,REACHED
restore_bloom_tone_mix_preset_2,highCutHz,8423.58,8423.58,REACHED
restore_bloom_tone_mix_preset_2,mix,0.401,0.401,REACHED
restore_bloom_tone_mix_preset_2,highCutHz,8423.58,8423.58,REACHED
restore_bloom_tone_mix_preset_2,mix,0.401,0.401,REACHED
restore_wild_feedback_preset_3,feedback,0.930223,0.930223,REACHED
restore_wild_feedback_preset_3,feedback,0.930223,0.930223,REACHED
restore_bloom_feedback_preset_3,feedback,0.729466,0.729466,REACHED
restore_bloom_feedback_preset_3,feedback,0.729466,0.729466,REACHED
restore_space_shimmer_preset_3,shimmerAmount,0.3912,0.3912,REACHED
restore_space_shimmer_preset_3,shimmerAmount,0.3912,0.3912,REACHED
restore_bloom_shimmer_preset_3,shimmerAmount,0.322296,0.322296,REACHED
restore_bloom_shimmer_preset_3,shimmerAmount,0.322296,0.322296,REACHED
restore_space_spatial_preset_3,diffusion,0.6508,0.6508,REACHED
restore_space_spatial_preset_3,wetWidth,0.831,0.831,REACHED
restore_space_spatial_preset_3,diffusion,0.6508,0.6508,REACHED
restore_space_spatial_preset_3,wetWidth,0.831,0.831,REACHED
restore_wild_modulation_preset_3,chaos,0.09826,0.139781,LIMITED
restore_wild_modulation_preset_3,wobble,0.1867,0.1867,REACHED
restore_wild_modulation_preset_3,modDepth,0.1867,0.1867,REACHED
restore_wild_modulation_preset_3,modRateHz,0.304188,0.304188,REACHED
restore_wild_modulation_preset_3,chaos,0.09826,0.139781,LIMITED
restore_wild_modulation_preset_3,wobble,0.1867,0.1867,REACHED
restore_wild_modulation_preset_3,modDepth,0.1867,0.1867,REACHED
restore_wild_modulation_preset_3,modRateHz,0.304188,0.304188,REACHED
restore_space_time_tone_preset_3,timeMs,1263.37,1263.37,REACHED
restore_space_time_tone_preset_3,lowCutHz,115.743,115.743,REACHED
restore_space_time_tone_preset_3,highCutHz,9493.92,9493.93,REACHED
restore_space_time_tone_preset_3,timeMs,1263.37,1263.37,REACHED
restore_space_time_tone_preset_3,lowCutHz,115.743,115.743,REACHED
restore_space_time_tone_preset_3,highCutHz,9493.92,9493.93,REACHED
restore_bloom_tone_mix_preset_3,highCutHz,8741.92,8741.92,REACHED
restore_bloom_tone_mix_preset_3,mix,0.4435,0.4435,REACHED
restore_bloom_tone_mix_preset_3,highCutHz,8741.92,8741.92,REACHED
restore_bloom_tone_mix_preset_3,mix,0.4435,0.4435,REACHED
restore_wild_feedback_preset_4,feedback,1.012,1.012,REACHED
restore_wild_feedback_preset_4,feedback,1.012,1.012,REACHED
restore_bloom_feedback_preset_4,feedback,0.793803,0.793803,REACHED
restore_bloom_feedback_preset_4,feedback,0.793803,0.793803,REACHED
restore_space_shimmer_preset_4,shimmerAmount,0.2432,0.2432,REACHED
restore_space_shimmer_preset_4,shimmerAmount,0.2432,0.2432,REACHED
restore_bloom_shimmer_preset_4,shimmerAmount,0.1472,0.1472,REACHED
restore_bloom_shimmer_preset_4,shimmerAmount,0.1472,0.1472,REACHED
restore_space_spatial_preset_4,diffusion,0.6888,0.6888,REACHED
restore_space_spatial_preset_4,wetWidth,0.866,0.866,REACHED
restore_space_spatial_preset_4,diffusion,0.6888,0.6888,REACHED
restore_space_spatial_preset_4,wetWidth,0.866,0.866,REACHED
restore_wild_modulation_preset_4,chaos,0.68674,0.68674,REACHED
restore_wild_modulation_preset_4,wobble,0.7683,0.7683,REACHED
restore_wild_modulation_preset_4,modDepth,0.3883,0.3883,REACHED
restore_wild_modulation_preset_4,modRateHz,0.544512,0.544512,REACHED
restore_wild_modulation_preset_4,chaos,0.68674,0.68674,REACHED
restore_wild_modulation_preset_4,wobble,0.7683,0.7683,REACHED
restore_wild_modulation_preset_4,modDepth,0.3883,0.3883,REACHED
restore_wild_modulation_preset_4,modRateHz,0.544512,0.544512,REACHED
restore_space_time_tone_preset_4,timeMs,1560.96,1560.96,REACHED
restore_space_time_tone_preset_4,lowCutHz,122.405,122.405,REACHED
restore_space_time_tone_preset_4,highCutHz,8782.81,8782.81,REACHED
restore_space_time_tone_preset_4,timeMs,1560.96,1560.96,REACHED
restore_space_time_tone_preset_4,lowCutHz,122.405,122.405,REACHED
restore_space_time_tone_preset_4,highCutHz,8782.81,8782.81,REACHED
restore_bloom_tone_mix_preset_4,highCutHz,8057.94,8057.94,REACHED
restore_bloom_tone_mix_preset_4,mix,0.4316,0.4316,REACHED
restore_bloom_tone_mix_preset_4,highCutHz,8057.94,8057.94,REACHED
restore_bloom_tone_mix_preset_4,mix,0.4316,0.4316,REACHED
restore_wild_feedback_preset_5,feedback,0.968,0.968,REACHED
restore_wild_feedback_preset_5,feedback,0.968,0.968,REACHED
restore_bloom_feedback_preset_5,feedback,0.862,0.861999,REACHED
restore_bloom_feedback_preset_5,feedback,0.862,0.861999,REACHED
restore_space_shimmer_preset_5,shimmerAmount,0.2816,0.2816,REACHED
restore_space_shimmer_preset_5,shimmerAmount,0.2816,0.2816,REACHED
restore_bloom_shimmer_preset_5,shimmerAmount,0.2036,0.2036,REACHED
restore_bloom_shimmer_preset_5,shimmerAmount,0.2036,0.2036,REACHED
restore_space_spatial_preset_5,diffusion,1,1,REACHED
restore_space_spatial_preset_5,wetWidth,0.908,0.908,REACHED
restore_space_spatial_preset_5,diffusion,1,1,REACHED
restore_space_spatial_preset_5,wetWidth,0.908,0.908,REACHED
restore_wild_modulation_preset_5,chaos,0.02754,0.0605232,LIMITED
restore_wild_modulation_preset_5,wobble,0.1243,0.1243,REACHED
restore_wild_modulation_preset_5,modDepth,0.1243,0.1243,REACHED
restore_wild_modulation_preset_5,modRateHz,0.218096,0.218096,REACHED
restore_wild_modulation_preset_5,chaos,0.02754,0.0605232,LIMITED
restore_wild_modulation_preset_5,wobble,0.1243,0.1243,REACHED
restore_wild_modulation_preset_5,modDepth,0.1243,0.1243,REACHED
restore_wild_modulation_preset_5,modRateHz,0.218096,0.218096,REACHED
restore_space_time_tone_preset_5,timeMs,2000,2000,REACHED
restore_space_time_tone_preset_5,lowCutHz,130.907,130.907,REACHED
restore_space_time_tone_preset_5,highCutHz,11471.1,11471.1,REACHED
restore_space_time_tone_preset_5,timeMs,2000,2000,REACHED
restore_space_time_tone_preset_5,lowCutHz,130.907,130.907,REACHED
restore_space_time_tone_preset_5,highCutHz,11471.1,11471.1,REACHED
restore_bloom_tone_mix_preset_5,highCutHz,10059.1,10059.1,REACHED
restore_bloom_tone_mix_preset_5,mix,0.7058,0.7058,REACHED
restore_bloom_tone_mix_preset_5,highCutHz,10059.1,10059.1,REACHED
restore_bloom_tone_mix_preset_5,mix,0.7058,0.7058,REACHED
restore_wild_feedback_preset_6,feedback,1.042,1.042,REACHED
restore_wild_feedback_preset_6,feedback,1.042,1.042,REACHED
restore_bloom_feedback_preset_6,feedback,0.953869,0.953869,REACHED
restore_bloom_feedback_preset_6,feedback,0.953869,0.953869,REACHED
restore_space_shimmer_preset_6,shimmerAmount,0.66,0.66,REACHED
restore_space_shimmer_preset_6,shimmerAmount,0.66,0.66,REACHED
restore_bloom_shimmer_preset_6,shimmerAmount,0.5404,0.5404,REACHED
restore_bloom_shimmer_preset_6,shimmerAmount,0.5404,0.5404,REACHED
restore_space_spatial_preset_6,diffusion,0.78,0.78,REACHED
restore_space_spatial_preset_6,wetWidth,0.95,0.95,REACHED
restore_space_spatial_preset_6,diffusion,0.78,0.78,REACHED
restore_space_spatial_preset_6,wetWidth,0.95,0.95,REACHED
restore_wild_modulation_preset_6,chaos,1,1,REACHED
restore_wild_modulation_preset_6,wobble,1,1,REACHED
restore_wild_modulation_preset_6,modDepth,0.7348,0.7348,REACHED
restore_wild_modulation_preset_6,modRateHz,1.01609,1.01609,REACHED
restore_wild_modulation_preset_6,chaos,1,1,REACHED
restore_wild_modulation_preset_6,wobble,1,1,REACHED
restore_wild_modulation_preset_6,modDepth,0.7348,0.7348,REACHED
restore_wild_modulation_preset_6,modRateHz,1.01609,1.01609,REACHED
restore_space_time_tone_preset_6,timeMs,2000,2000,REACHED
restore_space_time_tone_preset_6,lowCutHz,140,140,REACHED
restore_space_time_tone_preset_6,highCutHz,10788.9,10788.9,REACHED
restore_space_time_tone_preset_6,timeMs,2000,2000,REACHED
restore_space_time_tone_preset_6,lowCutHz,140,140,REACHED
restore_space_time_tone_preset_6,highCutHz,10788.9,10788.9,REACHED
restore_bloom_tone_mix_preset_6,highCutHz,9129.71,9129.71,REACHED
restore_bloom_tone_mix_preset_6,mix,0.8394,0.8394,REACHED
restore_bloom_tone_mix_preset_6,highCutHz,9129.71,9129.71,REACHED
restore_bloom_tone_mix_preset_6,mix,0.8394,0.8394,REACHED
restore_wild_feedback_preset_7,feedback,0.662055,0.662055,REACHED
restore_wild_feedback_preset_7,feedback,0.662055,0.662055,REACHED
restore_bloom_feedback_preset_7,feedback,0.573504,0.573503,REACHED
restore_bloom_feedback_preset_7,feedback,0.573504,0.573503,REACHED
restore_space_shimmer_preset_7,shimmerAmount,0.4328,0.4328,REACHED
restore_space_shimmer_preset_7,shimmerAmount,0.4328,0.4328,REACHED
restore_bloom_shimmer_preset_7,shimmerAmount,0.374768,0.374768,REACHED
restore_bloom_shimmer_preset_7,shimmerAmount,0.374768,0.374768,REACHED
restore_space_spatial_preset_7,diffusion,0.8852,0.8852,REACHED
restore_space_spatial_preset_7,wetWidth,1,1,REACHED
restore_space_spatial_preset_7,diffusion,0.8852,0.8852,REACHED
restore_space_spatial_preset_7,wetWidth,1,1,REACHED
restore_wild_modulation_preset_7,chaos,0.00544,0.0231552,LIMITED
restore_wild_modulation_preset_7,wobble,0.1048,0.1048,REACHED
restore_wild_modulation_preset_7,modDepth,0.1048,0.1048,REACHED
restore_wild_modulation_preset_7,modRateHz,0.177149,0.177149,REACHED
restore_wild_modulation_preset_7,chaos,0.00544,0.0231552,LIMITED
restore_wild_modulation_preset_7,wobble,0.1048,0.1048,REACHED
restore_wild_modulation_preset_7,modDepth,0.1048,0.1048,REACHED
restore_wild_modulation_preset_7,modRateHz,0.177149,0.177149,REACHED
restore_space_time_tone_preset_7,timeMs,919.429,919.429,REACHED
restore_space_time_tone_preset_7,lowCutHz,108.226,108.226,REACHED
restore_space_time_tone_preset_7,highCutHz,12339.5,12339.5,REACHED
restore_space_time_tone_preset_7,timeMs,919.429,919.429,REACHED
restore_space_time_tone_preset_7,lowCutHz,108.226,108.226,REACHED
restore_space_time_tone_preset_7,highCutHz,12339.5,12339.5,REACHED
restore_bloom_tone_mix_preset_7,highCutHz,11567.2,11567.2,REACHED
restore_bloom_tone_mix_preset_7,mix,0.4982,0.4982,REACHED
restore_bloom_tone_mix_preset_7,highCutHz,11567.2,11567.2,REACHED
restore_bloom_tone_mix_preset_7,mix,0.4982,0.4982,REACHED
restore_wild_feedback_preset_8,feedback,0.807822,0.807822,REACHED
restore_wild_feedback_preset_8,feedback,0.807822,0.807822,REACHED
restore_bloom_feedback_preset_8,feedback,0.543573,0.543573,REACHED
restore_bloom_feedback_preset_8,feedback,0.543573,0.543573,REACHED
restore_space_shimmer_preset_8,shimmerAmount,0.1216,0.1216,REACHED
restore_space_shimmer_preset_8,shimmerAmount,0.1216,0.1216,REACHED
restore_bloom_shimmer_preset_8,shimmerAmount,0.0736,0.0736,REACHED
restore_bloom_shimmer_preset_8,shimmerAmount,0.0736,0.0736,REACHED
restore_space_spatial_preset_8,diffusion,0.4644,0.4644,REACHED
restore_space_spatial_preset_8,wetWidth,0.833,0.833,REACHED
restore_space_spatial_preset_8,diffusion,0.4644,0.4644,REACHED
restore_space_spatial_preset_8,wetWidth,0.833,0.833,REACHED
restore_wild_modulation_preset_8,chaos,0.35986,0.35986,REACHED
restore_wild_modulation_preset_8,wobble,0.7787,0.7787,REACHED
restore_wild_modulation_preset_8,modDepth,0.6187,0.6187,REACHED
restore_wild_modulation_preset_8,modRateHz,0.440403,0.440403,REACHED
restore_wild_modulation_preset_8,chaos,0.35986,0.35986,REACHED
restore_wild_modulation_preset_8,wobble,0.7787,0.7787,REACHED
restore_wild_modulation_preset_8,modDepth,0.6187,0.6187,REACHED
restore_wild_modulation_preset_8,modRateHz,0.440403,0.440403,REACHED
restore_space_time_tone_preset_8,timeMs,641.334,641.334,REACHED
restore_space_time_tone_preset_8,lowCutHz,128.957,128.956,REACHED
restore_space_time_tone_preset_8,highCutHz,5660.75,5660.75,REACHED
restore_space_time_tone_preset_8,timeMs,641.334,641.334,REACHED
restore_space_time_tone_preset_8,lowCutHz,128.957,128.956,REACHED
restore_space_time_tone_preset_8,highCutHz,5660.75,5660.75,REACHED
restore_bloom_tone_mix_preset_8,highCutHz,5790.72,5790.72,REACHED
restore_bloom_tone_mix_preset_8,mix,0.4408,0.4408,REACHED
restore_bloom_tone_mix_preset_8,highCutHz,5790.72,5790.72,REACHED
restore_bloom_tone_mix_preset_8,mix,0.4408,0.4408,REACHED
restore_wild_feedback_preset_9,feedback,0.793031,0.793031,REACHED
restore_wild_feedback_preset_9,feedback,0.793031,0.793031,REACHED
restore_bloom_feedback_preset_9,feedback,0.648766,0.648766,REACHED
restore_bloom_feedback_preset_9,feedback,0.648766,0.648766,REACHED
restore_space_shimmer_preset_9,shimmerAmount,0.0896,0.0896,REACHED
restore_space_shimmer_preset_9,shimmerAmount,0.0896,0.0896,REACHED
restore_bloom_shimmer_preset_9,shimmerAmount,0.0548,0.0548,REACHED
restore_bloom_shimmer_preset_9,shimmerAmount,0.0548,0.0548,REACHED
restore_space_spatial_preset_9,diffusion,0.3464,0.3464,REACHED
restore_space_spatial_preset_9,wetWidth,0.918,0.918,REACHED
restore_space_spatial_preset_9,diffusion,0.3464,0.3464,REACHED
restore_space_spatial_preset_9,wetWidth,0.918,0.918,REACHED
restore_wild_modulation_preset_9,chaos,0.16896,0.16896,REACHED
restore_wild_modulation_preset_9,wobble,0.2232,0.2232,REACHED
restore_wild_modulation_preset_9,modDepth,0.3832,0.3832,REACHED
restore_wild_modulation_preset_9,modRateHz,0.597077,0.597077,REACHED
restore_wild_modulation_preset_9,chaos,0.16896,0.16896,REACHED
restore_wild_modulation_preset_9,wobble,0.2232,0.2232,REACHED
restore_wild_modulation_preset_9,modDepth,0.3832,0.3832,REACHED
restore_wild_modulation_preset_9,modRateHz,0.597077,0.597077,REACHED
restore_space_time_tone_preset_9,timeMs,547.14,547.139,REACHED
restore_space_time_tone_preset_9,lowCutHz,93.5709,93.5709,REACHED
restore_space_time_tone_preset_9,highCutHz,8569.62,8569.63,REACHED
restore_space_time_tone_preset_9,timeMs,547.14,547.139,REACHED
restore_space_time_tone_preset_9,lowCutHz,93.5709,93.5709,REACHED
restore_space_time_tone_preset_9,highCutHz,8569.62,8569.63,REACHED
restore_bloom_tone_mix_preset_9,highCutHz,8463.55,8463.55,REACHED
restore_bloom_tone_mix_preset_9,mix,0.4706,0.4706,REACHED
restore_bloom_tone_mix_preset_9,highCutHz,8463.55,8463.55,REACHED
restore_bloom_tone_mix_preset_9,mix,0.4706,0.4706,REACHED
restore_wild_feedback_preset_10,feedback,0.898183,0.898183,REACHED
restore_wild_feedback_preset_10,feedback,0.898183,0.898183,REACHED
restore_bloom_feedback_preset_10,feedback,0.821531,0.821531,REACHED
restore_bloom_feedback_preset_10,feedback,0.821531,0.821531,REACHED
restore_space_shimmer_preset_10,shimmerAmount,0.6424,0.6424,REACHED
restore_space_shimmer_preset_10,shimmerAmount,0.6424,0.6424,REACHED
restore_bloom_shimmer_preset_10,shimmerAmount,0.575472,0.575472,REACHED
restore_bloom_shimmer_preset_10,shimmerAmount,0.575472,0.575472,REACHED
restore_space_spatial_preset_10,diffusion,1,1,REACHED
restore_space_spatial_preset_10,wetWidth,1,1,REACHED
restore_space_spatial_preset_10,diffusion,1,1,REACHED
restore_space_spatial_preset_10,wetWidth,1,1,REACHED
restore_wild_modulation_preset_10,chaos,0.0085,0.02988,LIMITED
restore_wild_modulation_preset_10,wobble,0.1075,0.1075,REACHED
restore_wild_modulation_preset_10,modDepth,0.1075,0.1075,REACHED
restore_wild_modulation_preset_10,modRateHz,0.184672,0.184672,REACHED
restore_wild_modulation_preset_10,chaos,0.0085,0.02988,LIMITED
restore_wild_modulation_preset_10,wobble,0.1075,0.1075,REACHED
restore_wild_modulation_preset_10,modDepth,0.1075,0.1075,REACHED
restore_wild_modulation_preset_10,modRateHz,0.184672,0.184672,REACHED
restore_space_time_tone_preset_10,timeMs,1841.16,1841.16,REACHED
restore_space_time_tone_preset_10,lowCutHz,126.585,126.585,REACHED
restore_space_time_tone_preset_10,highCutHz,13020.3,13020.3,REACHED
restore_space_time_tone_preset_10,timeMs,1841.16,1841.16,REACHED
restore_space_time_tone_preset_10,lowCutHz,126.585,126.585,REACHED
restore_space_time_tone_preset_10,highCutHz,13020.3,13020.3,REACHED
restore_bloom_tone_mix_preset_10,highCutHz,11677.3,11677.3,REACHED
restore_bloom_tone_mix_preset_10,mix,0.7862,0.7862,REACHED
restore_bloom_tone_mix_preset_10,highCutHz,11677.3,11677.3,REACHED
restore_bloom_tone_mix_preset_10,mix,0.7862,0.7862,REACHED
restore_wild_feedback_preset_11,feedback,1.006,1.006,REACHED
restore_wild_feedback_preset_11,feedback,1.006,1.006,REACHED
restore_bloom_feedback_preset_11,feedback,0.885914,0.885914,REACHED
restore_bloom_feedback_preset_11,feedback,0.885914,0.885914,REACHED
restore_space_shimmer_preset_11,shimmerAmount,0.408,0.408,REACHED
restore_space_shimmer_preset_11,shimmerAmount,0.408,0.408,REACHED
restore_bloom_shimmer_preset_11,shimmerAmount,0.30936,0.30936,REACHED
restore_bloom_shimmer_preset_11,shimmerAmount,0.30936,0.30936,REACHED
restore_space_spatial_preset_11,diffusion,1,1,REACHED
restore_space_spatial_preset_11,wetWidth,1,1,REACHED
restore_space_spatial_preset_11,diffusion,1,1,REACHED
restore_space_spatial_preset_11,wetWidth,1,1,REACHED
restore_wild_modulation_preset_11,chaos,0.74656,0.74656,REACHED
restore_wild_modulation_preset_11,wobble,0.8352,0.8352,REACHED
restore_wild_modulation_preset_11,modDepth,0.7552,0.7552,REACHED
restore_wild_modulation_preset_11,modRateHz,0.420642,0.420642,REACHED
restore_wild_modulation_preset_11,chaos,0.74656,0.74656,REACHED
restore_wild_modulation_preset_11,wobble,0.8352,0.8352,REACHED
restore_wild_modulation_preset_11,modDepth,0.7552,0.7552,REACHED
restore_wild_modulation_preset_11,modRateHz,0.420642,0.420642,REACHED
restore_space_time_tone_preset_11,timeMs,2000,2000,REACHED
restore_space_time_tone_preset_11,lowCutHz,212.381,212.381,REACHED
restore_space_time_tone_preset_11,highCutHz,7161.61,7161.61,REACHED
restore_space_time_tone_preset_11,timeMs,2000,2000,REACHED
restore_space_time_tone_preset_11,lowCutHz,212.381,212.381,REACHED
restore_space_time_tone_preset_11,highCutHz,7161.61,7161.61,REACHED
restore_bloom_tone_mix_preset_11,highCutHz,6059.32,7161.61,LIMITED
restore_bloom_tone_mix_preset_11,mix,0.739,0.739,REACHED
restore_bloom_tone_mix_preset_11,highCutHz,6059.32,7161.61,LIMITED
restore_bloom_tone_mix_preset_11,mix,0.739,0.739,REACHED
restore_wild_feedback_preset_12,feedback,0.378032,0.378032,REACHED
restore_wild_feedback_preset_12,feedback,0.378032,0.378032,REACHED
restore_bloom_feedback_preset_12,feedback,0.325789,0.325789,REACHED
restore_bloom_feedback_preset_12,feedback,0.325789,0.325789,REACHED
restore_space_shimmer_preset_12,shimmerAmount,0.0384,0.0384,REACHED
restore_space_shimmer_preset_12,shimmerAmount,0.0384,0.0384,REACHED
restore_bloom_shimmer_preset_12,shimmerAmount,0.0204,0.0204,REACHED
restore_bloom_shimmer_preset_12,shimmerAmount,0.0204,0.0204,REACHED
restore_space_spatial_preset_12,diffusion,0.2256,0.2256,REACHED
restore_space_spatial_preset_12,wetWidth,0.592,0.592,REACHED
restore_space_spatial_preset_12,diffusion,0.2256,0.2256,REACHED
restore_space_spatial_preset_12,wetWidth,0.592,0.592,REACHED
restore_wild_modulation_preset_12,chaos,0.00544,0.0231552,LIMITED
restore_wild_modulation_preset_12,wobble,0.1048,0.1048,REACHED
restore_wild_modulation_preset_12,modDepth,0.0848,0.0848,REACHED
restore_wild_modulation_preset_12,modRateHz,0.427149,0.427149,REACHED
restore_wild_modulation_preset_12,chaos,0.00544,0.0231552,LIMITED
restore_wild_modulation_preset_12,wobble,0.1048,0.1048,REACHED
restore_wild_modulation_preset_12,modDepth,0.0848,0.0848,REACHED
restore_wild_modulation_preset_12,modRateHz,0.427149,0.427149,REACHED
restore_space_time_tone_preset_12,timeMs,145.403,145.403,REACHED
restore_space_time_tone_preset_12,lowCutHz,145.557,145.557,REACHED
restore_space_time_tone_preset_12,highCutHz,10143.5,10143.5,REACHED
restore_space_time_tone_preset_12,timeMs,145.403,145.403,REACHED
restore_space_time_tone_preset_12,lowCutHz,145.557,145.557,REACHED
restore_space_time_tone_preset_12,highCutHz,10143.5,10143.5,REACHED
restore_bloom_tone_mix_preset_12,highCutHz,10060.9,10060.9,REACHED
restore_bloom_tone_mix_preset_12,mix,0.2902,0.2902,REACHED
restore_bloom_tone_mix_preset_12,highCutHz,10060.9,10060.9,REACHED
restore_bloom_tone_mix_preset_12,mix,0.2902,0.2902,REACHED
