case,source,rms,peak,tail_energy,width,centroid,hf_ratio,lf_ratio,modulation_proxy,pitch_variance_proxy,transient_rms,decay_proxy_seconds,tail_density,dc,last_second_rms,adjacent_relative_difference
restore_wild_feedback_preset_0,1,0.0280039,0.103695,0.000223213,0.026103,241.901,1.43077e-08,0.0339823,0.000936234,368.353,0.0600289,4.6,0.203822,-1.38075e-06,1.27705e-08,0
restore_wild_feedback_preset_0,2,0.0133667,0.189164,6.11449e-06,0.0122796,71.4023,7.73754e-05,0.995743,0.00022192,222.362,0.0540567,3.6,0.0479745,-5.46125e-07,4.59959e-07,0
restore_bloom_feedback_preset_0,1,0.0281922,0.103913,0.000217835,0.0254839,241.583,1.94856e-08,0.034027,0.000940785,1041.76,0.0600718,4.1,0.191801,-1.36829e-06,9.99617e-09,0
restore_bloom_feedback_preset_0,2,0.0133656,0.189163,6.01603e-06,0.0121188,71.3948,7.73379e-05,0.995755,0.0002218,210.533,0.0540651,3.6,0.0455972,-5.46702e-07,4.61285e-07,0
restore_space_shimmer_preset_0,1,0.0280897,0.103804,0.000220704,0.0258213,241.755,2.01854e-08,0.0340011,0.000938293,705.899,0.0600483,4.6,0.198947,-1.37538e-06,1.13556e-08,0
restore_space_shimmer_preset_0,2,0.0133663,0.189163,6.06808e-06,0.012206,71.3987,7.73536e-05,0.995749,0.000221864,208.906,0.0540605,3.6,0.046794,-5.46996e-07,4.62474e-07,0
restore_bloom_shimmer_preset_0,1,0.0280904,0.103798,0.000220708,0.0258209,241.755,2.01848e-08,0.034001,0.000938317,705.899,0.0600486,4.6,0.198944,-1.37532e-06,1.12843e-08,0
restore_bloom_shimmer_preset_0,2,0.0133662,0.189163,6.06807e-06,0.012206,71.3987,7.73539e-05,0.995749,0.000221863,208.906,0.0540605,3.6,0.046794,-5.46998e-07,4.62474e-07,0
restore_space_spatial_preset_0,1,0.0281502,0.103933,0.000216667,0.0280485,241.636,1.71114e-08,0.0340156,0.000939584,705.899,0.0600617,4.6,0.197993,-1.36192e-06,1.22284e-08,0
restore_space_spatial_preset_0,2,0.0133525,0.18917,5.92083e-06,0.0132791,71.3912,7.73772e-05,0.995753,0.000221659,208.906,0.0540445,3.6,0.0466157,-5.4723e-07,4.61775e-07,0
restore_wild_modulation_preset_0,1,0.0280896,0.103752,0.00022052,0.0258195,241.732,1.50197e-08,0.0340573,0.000938299,705.899,0.0600456,4.6,0.198933,-1.37483e-06,1.22269e-08,0
restore_wild_modulation_preset_0,2,0.0133665,0.189163,6.0672e-06,0.0122057,71.397,7.73413e-05,0.995749,0.000221825,208.906,0.0540606,3.6,0.0467454,-5.46849e-07,4.62102e-07,0
restore_space_time_tone_preset_0,1,0.0287653,0.103568,0.00014076,0.0167845,254.472,1.78465e-08,0.0327452,0.00102687,20.7664,0.0600488,4.1,0.18906,4.96645e-07,1.10442e-08,0
restore_space_time_tone_preset_0,2,0.0122031,0.189149,5.38205e-06,0.0124216,71.5017,9.3184e-05,0.995287,0.000215822,462.46,0.0540606,3.6,0.0440509,-5.71444e-07,4.61447e-07,0
restore_bloom_tone_mix_preset_0,1,0.0281441,0.103936,0.000219731,0.0257114,241.778,2.00146e-08,0.0339979,0.000940214,705.899,0.0601557,4.6,0.198933,-1.37656e-06,1.19103e-08,0
restore_bloom_tone_mix_preset_0,2,0.0133853,0.189461,6.03587e-06,0.0121564,71.397,7.73561e-05,0.995752,0.000222163,208.906,0.054152,3.6,0.0467639,-5.48337e-07,4.63166e-07,0
restore_wild_feedback_preset_1,1,0.0388175,0.160651,0.00122598,0.041067,250.577,4.55734e-08,0.0329239,0.00136182,2106.45,0.0564284,5.9,0.505303,-2.22914e-06,1.27797e-06,0
restore_wild_feedback_preset_1,2,0.0119545,0.174332,1.11387e-05,0.0213139,71.8041,9.67077e-05,0.994337,0.000215581,314916,0.0517501,4.5,0.13472,-4.82176e-07,5.27291e-07,0
restore_bloom_feedback_preset_1,1,0.0384911,0.15758,0.00108896,0.0393664,250.523,4.37959e-08,0.0329352,0.00134959,736.041,0.0565224,5.9,0.457095,-2.07499e-06,3.62997e-07,0
restore_bloom_feedback_preset_1,2,0.0119398,0.174222,1.07522e-05,0.020898,71.7516,9.66917e-05,0.994367,0.000215037,120827,0.0517625,4.5,0.120331,-4.82504e-07,4.4448e-07,0
restore_space_shimmer_preset_1,1,0.0386234,0.158646,0.00114337,0.0400586,250.565,3.66681e-08,0.0329354,0.00135462,733.893,0.0564804,5.9,0.475421,-2.13764e-06,6.24233e-07,0
restore_space_shimmer_preset_1,2,0.0119456,0.174199,1.09013e-05,0.021068,71.7707,9.66918e-05,0.994362,0.000215256,208114,0.0517574,4.5,0.125532,-4.8231e-07,4.57653e-07,0
restore_bloom_shimmer_preset_1,1,0.038623,0.158645,0.00114333,0.0400588,250.563,3.66682e-08,0.0329356,0.00135459,733.893,0.056481,5.9,0.475417,-2.13727e-06,6.24236e-07,0
restore_bloom_shimmer_preset_1,2,0.0119456,0.174189,1.09015e-05,0.0210681,71.7708,9.66911e-05,0.994362,0.000215255,208114,0.0517574,4.5,0.125525,-4.82294e-07,4.57671e-07,0
restore_space_spatial_preset_1,1,0.0386228,0.159605,0.00113584,0.0446254,250.523,4.75178e-08,0.0329611,0.00135414,733.893,0.0564935,5.9,0.473875,-2.1297e-06,5.86308e-07,0
restore_space_spatial_preset_1,2,0.0119447,0.174198,1.07847e-05,0.0235921,71.7696,9.6642e-05,0.994364,0.000215193,211173,0.0517598,4.5,0.12641,-4.82386e-07,4.54889e-07,0
restore_wild_modulation_preset_1,1,0.038626,0.159138,0.00114343,0.040059,250.535,3.21987e-08,0.0329382,0.00135448,733.893,0.0564786,5.9,0.475252,-2.13598e-06,6.21523e-07,0
restore_wild_modulation_preset_1,2,0.0119465,0.174186,1.09024e-05,0.0210716,71.7775,9.66288e-05,0.994356,0.000215332,220506,0.0517586,4.5,0.125734,-4.82306e-07,4.57606e-07,0
restore_space_time_tone_preset_1,1,0.028679,0.103667,0.000923778,0.0467941,238.491,5.65452e-08,0.0344351,0.000939332,226205,0.0564838,6.1,0.498095,-1.31049e-06,2.1542e-06,0
restore_space_time_tone_preset_1,2,0.0122174,0.182853,2.16353e-05,0.0222122,72.0178,8.97088e-05,0.994969,0.000216084,233702,0.0517575,4.6,0.129438,-4.99229e-07,4.86008e-07,0
restore_bloom_tone_mix_preset_1,1,0.0385259,0.15899,0.00119286,0.0410125,250.645,3.84165e-08,0.0329322,0.00135193,733.893,0.0557826,5.9,0.477164,-2.17883e-06,6.32759e-07,0
restore_bloom_tone_mix_preset_1,2,0.0118124,0.172142,1.1362e-05,0.0217514,71.8166,9.7434e-05,0.994262,0.000213658,210646,0.0511754,4.5,0.12684,-4.74981e-07,4.5049e-07,0
restore_wild_feedback_preset_2,1,0.0281765,0.101028,0.000228697,0.0224792,253.129,3.68752e-09,0.0330048,0.00100605,114775,0.0566444,5.2,0.321993,3.1341e-07,4.53182e-08,0
restore_wild_feedback_preset_2,2,0.0122746,0.180432,6.91536e-06,0.0170069,71.5611,8.52259e-05,0.995352,0.000211285,222448,0.0514578,4,0.106086,-5.22508e-07,4.36944e-07,0
restore_bloom_feedback_preset_2,1,0.0282566,0.100003,0.000230909,0.0221763,253.653,4.2846e-09,0.0328855,0.00101076,36.1684,0.0567847,5.2,0.268067,3.45606e-07,1.20737e-08,0
restore_bloom_feedback_preset_2,2,0.0122673,0.180438,6.43983e-06,0.016199,71.5225,8.50923e-05,0.995436,0.000210767,456.635,0.0514827,4,0.0866528,-5.22713e-07,4.38195e-07,0
restore_space_shimmer_preset_2,1,0.0282368,0.100252,0.000230137,0.0222419,253.531,5.05263e-09,0.0329138,0.00100963,35.1028,0.0567509,5.2,0.279623,3.38057e-07,1.42981e-08,0
restore_space_shimmer_preset_2,2,0.0122689,0.180437,6.53851e-06,0.0163821,71.5304,8.51243e-05,0.995419,0.000210881,41446.7,0.0514768,4,0.0911157,-5.22776e-07,4.38339e-07,0
restore_bloom_shimmer_preset_2,1,0.0282366,0.100245,0.000230136,0.022242,253.532,5.05228e-09,0.0329137,0.00100962,35.1028,0.0567513,5.2,0.279613,3.38062e-07,1.43101e-08,0
restore_bloom_shimmer_preset_2,2,0.0122689,0.180437,6.53852e-06,0.0163821,71.5304,8.51243e-05,0.995419,0.000210881,41446.7,0.0514768,4,0.0911134,-5.22771e-07,4.38348e-07,0
restore_space_spatial_preset_2,1,0.0282182,0.100037,0.000226782,0.0250087,253.479,4.272e-09,0.0329148,0.00100847,35.8061,0.0567611,5.2,0.27881,3.3716e-07,1.39439e-08,0
restore_space_spatial_preset_2,2,0.0122631,0.180453,6.41439e-06,0.0184482,71.5228,8.50752e-05,0.995424,0.000210732,41706.1,0.0514634,4,0.0908843,-5.22931e-07,4.37984e-07,0
restore_wild_modulation_preset_2,1,0.0282247,0.100687,0.000229937,0.0222594,253.562,3.04277e-09,0.0328928,0.00100921,34.7614,0.0567517,5.2,0.279461,3.39489e-07,1.33397e-08,0
restore_wild_modulation_preset_2,2,0.0122697,0.180437,6.53908e-06,0.0163796,71.5298,8.50806e-05,0.99542,0.000210794,27801.6,0.0514768,4,0.0912014,-5.22736e-07,4.38297e-07,0
restore_space_time_tone_preset_2,1,0.027218,0.0993967,0.000377127,0.0342961,240.676,5.18634e-09,0.0341181,0.000903243,536.829,0.0567519,5.2,0.298306,-1.31033e-06,1.20345e-08,0
restore_space_time_tone_preset_2,2,0.0123138,0.180459,6.57225e-06,0.0162045,71.675,8.45232e-05,0.995486,0.000211093,22216.6,0.0514767,4.1,0.0901667,-5.25271e-07,4.38114e-07,0
restore_bloom_tone_mix_preset_2,1,0.0282372,0.100239,0.000230156,0.022239,253.524,5.09405e-09,0.0329145,0.0010096,35.276,0.0567513,5.2,0.279671,3.38141e-07,1.45231e-08,0
restore_bloom_tone_mix_preset_2,2,0.0122689,0.180437,6.53862e-06,0.0163824,71.5303,8.51243e-05,0.995419,0.00021088,27954.6,0.0514768,4,0.0911597,-5.22774e-07,4.38283e-07,0
restore_wild_feedback_preset_3,1,0.0248162,0.0970705,0.000656795,0.0376996,277.936,1.92448e-07,0.0300049,0.000999365,30387.1,0.0556266,7.7,0.685097,-9.45676e-07,2.38555e-05,0
restore_wild_feedback_preset_3,2,0.0122475,0.180332,1.58035e-05,0.0182724,71.8351,8.72251e-05,0.995062,0.000213907,540752,0.051403,6,0.220306,-5.10102e-07,5.2562e-06,0
restore_bloom_feedback_preset_3,1,0.0248908,0.0970339,0.00061683,0.0361984,274.508,1.67922e-07,0.0304115,0.000986699,13820.4,0.0557877,7.6,0.571282,-9.59967e-07,4.44356e-06,0
restore_bloom_feedback_preset_3,2,0.0122436,0.180342,1.4431e-05,0.0174278,71.7369,8.69501e-05,0.995239,0.000212988,317688,0.0514264,4.9,0.170697,-5.10268e-07,7.76321e-07,0
restore_space_shimmer_preset_3,1,0.0248724,0.0970409,0.000623132,0.0364723,275.096,1.6983e-07,0.0303332,0.000988668,17936.6,0.0557554,7.6,0.590609,-9.57596e-07,6.1678e-06,0
restore_space_shimmer_preset_3,2,0.0122442,0.180341,1.46461e-05,0.0175791,71.7501,8.69963e-05,0.995222,0.000213132,370011,0.0514219,4.9,0.178447,-5.10269e-07,1.05668e-06,0
restore_bloom_shimmer_preset_3,1,0.0248731,0.0970408,0.000623183,0.036472,275.09,1.69853e-07,0.0303333,0.000988665,17936.6,0.055756,7.6,0.590688,-9.57526e-07,6.1691e-06,0
restore_bloom_shimmer_preset_3,2,0.0122442,0.180341,1.46464e-05,0.0175792,71.7501,8.69966e-05,0.995222,0.000213132,370011,0.0514219,4.9,0.178468,-5.10267e-07,1.05685e-06,0
restore_space_spatial_preset_3,1,0.024906,0.0971375,0.000609289,0.0415597,274.314,1.55785e-07,0.0303897,0.000986409,17908.9,0.0557892,7.6,0.584782,-9.47497e-07,5.70399e-06,0
restore_space_spatial_preset_3,2,0.0122351,0.180359,1.41519e-05,0.0200237,71.7314,8.69016e-05,0.995231,0.000212861,402857,0.0514018,4.9,0.176613,-5.10557e-07,9.89803e-07,0
restore_wild_modulation_preset_3,1,0.0248767,0.0971671,0.000623568,0.0364768,275.061,1.68235e-07,0.030286,0.000988679,17490.3,0.0557753,7.6,0.591088,-9.5897e-07,6.26628e-06,0
restore_wild_modulation_preset_3,2,0.0122446,0.18034,1.46279e-05,0.0175735,71.7524,8.69976e-05,0.995215,0.000213163,426226,0.051423,4.9,0.178389,-5.10322e-07,1.08365e-06,0
restore_space_time_tone_preset_3,1,0.0347801,0.142746,0.00132035,0.0375633,251.312,1.33824e-07,0.0328786,0.00122582,5723.87,0.0557606,7.9,0.663671,-2.00528e-06,1.89739e-05,0
restore_space_time_tone_preset_3,2,0.012247,0.180336,1.49326e-05,0.0170611,71.8527,8.7435e-05,0.995099,0.00021334,316333,0.0514215,5.1,0.185956,-5.10038e-07,1.90381e-06,0
restore_bloom_tone_mix_preset_3,1,0.0248711,0.0970408,0.000624496,0.0365043,275.062,1.70133e-07,0.0303328,0.00098842,14892,0.0557551,7.6,0.591002,-9.58632e-07,6.13949e-06,0
restore_bloom_tone_mix_preset_3,2,0.0122442,0.180341,1.46484e-05,0.0175797,71.7491,8.69968e-05,0.995223,0.000213122,347834,0.051422,4.9,0.178549,-5.10279e-07,9.77525e-07,0
restore_wild_feedback_preset_4,1,0.0285198,0.10415,0.000432277,0.0326868,254.496,2.13661e-07,0.0323211,0.00101658,2898.05,0.0573464,8.5,0.826111,8.58408e-08,0.000107115,0
restore_wild_feedback_preset_4,2,0.0125357,0.184901,1.48088e-05,0.0219136,71.8411,8.70294e-05,0.994914,0.000218567,407723,0.0527853,6.7,0.302731,-5.26785e-07,1.76485e-05,0
restore_bloom_feedback_preset_4,1,0.0285102,0.102155,0.0004336,0.0316227,254.678,1.93069e-07,0.0322785,0.00101632,4477.76,0.0575117,8.4,0.700382,7.95592e-08,3.28119e-05,0
restore_bloom_feedback_preset_4,2,0.0125369,0.184912,1.30929e-05,0.0208986,71.7228,8.66623e-05,0.995138,0.000217463,299520,0.0528078,5.3,0.228282,-5.26913e-07,3.26595e-06,0
restore_space_shimmer_preset_4,1,0.0285112,0.102286,0.00043282,0.0317323,254.651,2.02382e-07,0.0323059,0.00101633,4140.15,0.0574898,8.5,0.715975,8.11006e-08,3.85347e-05,0
restore_space_shimmer_preset_4,2,0.0125366,0.184911,1.32729e-05,0.0210165,71.7319,8.66539e-05,0.995119,0.000217551,321984,0.052805,5.3,0.235259,-5.26905e-07,4.07099e-06,0
restore_bloom_shimmer_preset_4,1,0.0285112,0.102273,0.000432832,0.031733,254.652,2.02391e-07,0.0323057,0.00101633,4234.2,0.0574906,8.5,0.716007,8.10227e-08,3.85408e-05,0
restore_bloom_shimmer_preset_4,2,0.0125366,0.184911,1.3273e-05,0.0210165,71.732,8.6654e-05,0.995119,0.000217551,321984,0.0528049,5.3,0.235259,-5.26904e-07,4.07152e-06,0
restore_space_spatial_preset_4,1,0.0284975,0.101614,0.000420836,0.0365106,254.468,1.91707e-07,0.0323111,0.00101467,4448.71,0.0575174,8.4,0.707808,8.26102e-08,3.56175e-05,0
restore_space_spatial_preset_4,2,0.0125265,0.184933,1.27063e-05,0.0242477,71.7009,8.65789e-05,0.995153,0.000217193,325879,0.0527846,5.3,0.233838,-5.27195e-07,3.60456e-06,0
restore_wild_modulation_preset_4,1,0.0285298,0.103481,0.000431956,0.0356085,254.979,2.4001e-07,0.0321079,0.00101869,4048.69,0.0574911,8.5,0.714396,7.26188e-08,3.72614e-05,0
restore_wild_modulation_preset_4,2,0.0125418,0.184974,1.31221e-05,0.0241562,71.7363,8.66817e-05,0.995115,0.000217758,319906,0.052808,5.3,0.237713,-5.26998e-07,3.9735e-06,0
restore_space_time_tone_preset_4,1,0.0292904,0.102592,0.000521912,0.0318716,253.483,1.85222e-07,0.0327995,0.00104125,18.8529,0.0574931,7.8,0.789775,1.04668e-08,6.1076e-05,0
restore_space_time_tone_preset_4,2,0.0126125,0.184909,1.84123e-05,0.0203934,71.6547,8.55876e-05,0.995239,0.00021745,318583,0.0528051,5.7,0.200868,-5.2294e-07,9.59901e-06,0
restore_bloom_tone_mix_preset_4,1,0.0285136,0.102265,0.000433149,0.0317088,254.652,2.02466e-07,0.0323055,0.00101642,4140.15,0.0574891,8.5,0.716192,8.11967e-08,3.86454e-05,0
restore_bloom_tone_mix_preset_4,2,0.0125364,0.184911,1.32775e-05,0.0210213,71.7307,8.66572e-05,0.995119,0.000217537,296323,0.052805,5.3,0.235118,-5.26913e-07,3.8507e-06,0
restore_wild_feedback_preset_5,1,0.0348347,0.138493,0.00381489,0.0680562,252.022,1.80955e-07,0.0329311,0.00123793,1411.01,0.0527617,11.4,0.97737,-2.20603e-06,0.000564562,0
restore_wild_feedback_preset_5,2,0.0122298,0.178824,5.01714e-05,0.0310059,72.6049,9.2417e-05,0.993643,0.000227059,462985,0.0502589,7.6,0.3696,-4.61992e-07,4.24493e-05,0
restore_bloom_feedback_preset_5,1,0.0345081,0.13802,0.00346955,0.0659203,251.407,1.35255e-07,0.0330389,0.00122072,1411.01,0.0528935,9.7,0.949257,-2.08187e-06,0.000335274,0
restore_bloom_feedback_preset_5,2,0.0122213,0.178833,4.76752e-05,0.0303755,72.4438,9.19605e-05,0.993867,0.000225202,438975,0.0502691,7.6,0.316944,-4.62358e-07,2.05353e-05,0
restore_space_shimmer_preset_5,1,0.0345674,0.137796,0.00353235,0.0663273,251.515,1.82136e-07,0.0330014,0.00122384,1411.01,0.0528669,9.7,0.956667,-2.1055e-06,0.000371492,0
restore_space_shimmer_preset_5,2,0.012223,0.178831,4.81247e-05,0.03049,72.4704,9.20174e-05,0.993829,0.000224793,457648,0.0502673,7.6,0.325468,-4.62264e-07,2.40143e-05,0
restore_bloom_shimmer_preset_5,1,0.0345676,0.137799,0.00353234,0.0663272,251.514,1.8214e-07,0.0330015,0.00122384,1411.01,0.0528679,9.7,0.956674,-2.10533e-06,0.000371496,0
restore_bloom_shimmer_preset_5,2,0.012223,0.178831,4.8125e-05,0.0304901,72.4704,9.20176e-05,0.993829,0.000224793,457648,0.0502672,7.6,0.325481,-4.62268e-07,2.4015e-05,0
restore_space_spatial_preset_5,1,0.0345909,0.1388,0.00353237,0.0761952,251.525,1.54175e-07,0.0329143,0.0012237,1411.01,0.0528741,9.7,0.957516,-2.10451e-06,0.000370801,0
restore_space_spatial_preset_5,2,0.0122245,0.178863,4.81486e-05,0.0350561,72.4506,9.12227e-05,0.993833,0.000225165,437210,0.0502691,7.6,0.327662,-4.62295e-07,2.33696e-05,0
restore_wild_modulation_preset_5,1,0.0345774,0.13886,0.00353336,0.0663196,251.497,1.50852e-07,0.0329913,0.00122432,1411.01,0.0528472,9.7,0.956817,-2.10728e-06,0.000371664,0
restore_wild_modulation_preset_5,2,0.0122224,0.178832,4.81728e-05,0.0304977,72.4775,9.21836e-05,0.993813,0.000225588,455119,0.0502679,7.6,0.325465,-4.62282e-07,2.39338e-05,0
restore_space_time_tone_preset_5,1,0.036556,0.169856,0.00385541,0.061481,256.966,1.25404e-07,0.0322376,0.00132924,2805.78,0.0528676,11,0.985069,-2.15481e-06,0.000644789,0
restore_space_time_tone_preset_5,2,0.012518,0.188551,7.90208e-05,0.031334,73.3123,9.31614e-05,0.992219,0.000227456,83120.5,0.0502671,8.6,0.344778,-4.76451e-07,6.36562e-05,0
restore_bloom_tone_mix_preset_5,1,0.0339482,0.137478,0.00399701,0.0718104,252.679,2.13841e-07,0.0329114,0.00121003,1411.01,0.0491424,9.7,0.961213,-2.2937e-06,0.000396735,0
restore_bloom_tone_mix_preset_5,2,0.0115663,0.168533,5.43159e-05,0.0342297,72.8184,9.44631e-05,0.993249,0.000217248,424719,0.0471285,7.6,0.333185,-4.26247e-07,2.40649e-05,0
restore_wild_feedback_preset_6,1,0.0367033,0.146776,0.00471166,0.103918,250.345,5.00467e-09,0.0338016,0.00129225,1408.32,0.048723,12,0.988845,-1.36573e-06,0.000826165,0
restore_wild_feedback_preset_6,2,0.0118592,0.172247,8.03465e-05,0.0733842,74.2892,0.00010663,0.990692,0.000236627,269055,0.0477926,8.4,0.486285,-4.19621e-07,8.55142e-05,0
restore_bloom_feedback_preset_6,1,0.0365309,0.146106,0.00461089,0.10313,250.264,5.87768e-09,0.0337981,0.00128541,1408.32,0.0487555,10.8,0.985912,-1.34969e-06,0.00071144,0
restore_bloom_feedback_preset_6,2,0.0118518,0.172241,7.88215e-05,0.0728828,74.1891,0.000106448,0.990872,0.000235829,263375,0.0478028,8.4,0.467363,-4.1986e-07,7.18402e-05,0
restore_space_shimmer_preset_6,1,0.0365898,0.146335,0.00463346,0.103358,250.146,2.74837e-08,0.0338102,0.00128661,1408.32,0.0487459,10.8,0.986576,-1.35668e-06,0.00073344,0
restore_space_shimmer_preset_6,2,0.011853,0.172242,7.90288e-05,0.0729727,74.2026,0.000106467,0.990856,0.000235955,257945,0.0478013,8.4,0.471056,-4.19789e-07,7.43319e-05,0
restore_bloom_shimmer_preset_6,1,0.0365887,0.146293,0.00463338,0.103362,250.147,2.7494e-08,0.0338099,0.00128659,1408.32,0.0487477,10.8,0.986567,-1.35639e-06,0.000733557,0
restore_bloom_shimmer_preset_6,2,0.011853,0.172242,7.90308e-05,0.0729734,74.2027,0.000106467,0.990855,0.000235955,257945,0.0478012,8.4,0.471074,-4.19785e-07,7.43458e-05,0
restore_space_spatial_preset_6,1,0.0366777,0.146447,0.0046611,0.119534,250.173,5.99178e-09,0.0338071,0.00128756,1408.32,0.0487725,10.8,0.987674,-1.35779e-06,0.000733425,0
restore_space_spatial_preset_6,2,0.0118636,0.172329,7.93592e-05,0.0844619,74.2151,0.000107043,0.990847,0.000236287,277505,0.0478053,8.4,0.478509,-4.19825e-07,7.42875e-05,0
restore_wild_modulation_preset_6,1,0.0366452,0.150888,0.00465011,0.108449,250.808,1.57663e-07,0.0337979,0.00129331,102.766,0.0486704,10.8,0.987674,-1.41507e-06,0.000729658,0
restore_wild_modulation_preset_6,2,0.0118821,0.17235,7.95988e-05,0.077991,74.2251,0.000106761,0.990863,0.000236635,231065,0.0477805,8.4,0.474935,-4.20012e-07,7.72446e-05,0
restore_space_time_tone_preset_6,1,0.0396311,0.197425,0.00648029,0.112067,260.673,1.88037e-08,0.0318143,0.00146257,476.166,0.0487503,12,0.993963,-3.05791e-06,0.00092193,0
restore_space_time_tone_preset_6,2,0.0123233,0.187187,0.000125041,0.0745076,75.0357,0.000103611,0.989358,0.000237762,149639,0.0478011,10.6,0.457961,-4.34244e-07,0.000104184,0
restore_bloom_tone_mix_preset_6,1,0.0345473,0.145157,0.0055569,0.120215,254.299,3.72e-08,0.0335011,0.00124149,1408.32,0.0394763,12,0.988563,-1.55238e-06,0.000803487,0
restore_bloom_tone_mix_preset_6,2,0.0101952,0.145054,9.48081e-05,0.0929467,76.2172,0.000120639,0.987587,0.000219885,206457,0.039661,10.3,0.485697,-3.33e-07,7.89003e-05,0
restore_wild_feedback_preset_7,1,0.0232591,0.0933558,0.000595867,0.0633578,260.71,4.5625e-08,0.0322981,0.00086605,100374,0.0531255,5.7,0.405685,-1.27974e-06,1.70977e-07,0
restore_wild_feedback_preset_7,2,0.0116907,0.172935,8.38558e-06,0.0279392,72.0732,8.92875e-05,0.994537,0.000206067,348069,0.0489239,4.3,0.125081,-4.78061e-07,4.1689e-07,0
restore_bloom_feedback_preset_7,1,0.0234423,0.0933383,0.000583498,0.0615894,259.682,4.49034e-08,0.0324064,0.000868717,7932.06,0.0532033,5.7,0.369863,-1.27384e-06,4.88651e-08,0
restore_bloom_feedback_preset_7,2,0.0116905,0.172904,8.08087e-06,0.0275569,72.0273,8.9078e-05,0.994626,0.000205629,82826.2,0.0489347,4.3,0.113542,-4.78272e-07,4.1594e-07,0
restore_space_shimmer_preset_7,1,0.0233367,0.0933449,0.000590351,0.0625861,260.274,4.48262e-08,0.0323458,0.000867237,15015.4,0.0531589,5.7,0.390956,-1.27746e-06,9.92756e-08,0
restore_space_shimmer_preset_7,2,0.0116905,0.172921,8.23534e-06,0.0277693,72.0524,8.92004e-05,0.994578,0.000205893,191020,0.0489286,4.3,0.119713,-4.78096e-07,4.1523e-07,0
restore_bloom_shimmer_preset_7,1,0.0233375,0.0933463,0.000590378,0.0625851,260.272,4.48229e-08,0.0323459,0.000867253,15015.4,0.0531595,5.7,0.390947,-1.27737e-06,9.93286e-08,0
restore_bloom_shimmer_preset_7,2,0.0116905,0.172922,8.2354e-06,0.0277694,72.0525,8.92005e-05,0.994577,0.000205893,191020,0.0489286,4.3,0.119715,-4.78093e-07,4.15243e-07,0
restore_space_spatial_preset_7,1,0.0233514,0.0934879,0.000579922,0.0670979,260.067,5.06661e-08,0.0323851,0.000866608,7758.32,0.0531864,5.7,0.386532,-1.26927e-06,8.96998e-08,0
restore_space_spatial_preset_7,2,0.0116867,0.172934,8.01806e-06,0.0301683,72.0289,8.90938e-05,0.994615,0.000205632,240000,0.0489308,4.3,0.118736,-4.78144e-07,4.15222e-07,0
restore_wild_modulation_preset_7,1,0.0233385,0.0933482,0.000590347,0.0625819,260.324,5.44417e-08,0.0323106,0.000867255,15015.4,0.0531548,5.7,0.390921,-1.27774e-06,9.88739e-08,0
restore_wild_modulation_preset_7,2,0.0116903,0.172917,8.24784e-06,0.0277676,72.0524,8.91733e-05,0.994579,0.000205866,222206,0.0489289,4.3,0.119676,-4.78021e-07,4.15233e-07,0
restore_space_time_tone_preset_7,1,0.030497,0.108793,0.000486092,0.0396016,248.279,3.381e-08,0.0342137,0.00107028,26572.5,0.0531616,5.8,0.395553,-4.86826e-08,1.79969e-07,0
restore_space_time_tone_preset_7,2,0.011851,0.175308,8.5663e-06,0.0291913,71.9712,8.61806e-05,0.994784,0.000206586,212766,0.0489286,4.4,0.121144,-4.82783e-07,4.15821e-07,0
restore_bloom_tone_mix_preset_7,1,0.0230556,0.0924363,0.000602434,0.0639962,260.681,4.68699e-08,0.0323086,0.000858679,36510.5,0.0525326,5.7,0.391669,-1.27583e-06,1.00985e-07,0
restore_bloom_tone_mix_preset_7,2,0.011571,0.171152,8.40533e-06,0.0283442,72.088,8.95014e-05,0.994516,0.0002042,208363,0.0483912,4.3,0.120241,-4.71134e-07,4.1065e-07,0
restore_wild_feedback_preset_8,1,0.0409335,0.148595,0.000506569,0.0278298,239.747,1.88245e-07,0.0340068,0.00134377,30551.3,0.0607409,5.5,0.36585,-1.47036e-06,8.81615e-08,0
restore_wild_feedback_preset_8,2,0.0131705,0.194428,7.11346e-06,0.013602,71.7905,8.81484e-05,0.995101,0.000228868,305288,0.0556799,3.9,0.0984722,-5.51902e-07,4.71899e-07,0
restore_bloom_feedback_preset_8,1,0.0401232,0.146035,0.000393919,0.0249586,240.638,1.5448e-07,0.0339781,0.00132489,34.8433,0.0609742,4.9,0.273722,-1.40412e-06,1.15335e-08,0
restore_bloom_feedback_preset_8,2,0.0131683,0.194422,6.40845e-06,0.0126462,71.6936,8.78147e-05,0.995266,0.000227976,6846.9,0.0557095,3.8,0.0732778,-5.52823e-07,4.75047e-07,0
restore_space_shimmer_preset_8,1,0.0402087,0.14708,0.000404449,0.0252564,240.528,1.68844e-07,0.0339373,0.00132677,39.7521,0.0609497,4.9,0.283669,-1.4111e-06,1.17178e-08,0
restore_space_shimmer_preset_8,2,0.0131684,0.194427,6.46875e-06,0.0127458,71.7049,8.78894e-05,0.99525,0.000228449,6739.82,0.0557059,3.8,0.0757361,-5.5268e-07,4.74756e-07,0
restore_bloom_shimmer_preset_8,1,0.0402082,0.147077,0.000404433,0.0252565,240.528,1.68849e-07,0.0339374,0.00132676,39.7521,0.0609502,4.9,0.283669,-1.4108e-06,1.19885e-08,0
restore_bloom_shimmer_preset_8,2,0.0131684,0.194427,6.46876e-06,0.0127458,71.7049,8.78895e-05,0.99525,0.000228448,6739.82,0.0557059,3.8,0.0757361,-5.52684e-07,4.74859e-07,0
restore_space_spatial_preset_8,1,0.0401649,0.147141,0.000401095,0.0278066,240.531,1.59045e-07,0.0339317,0.00132514,37.3127,0.0609513,4.9,0.283236,-1.39937e-06,1.24239e-08,0
restore_space_spatial_preset_8,2,0.0131663,0.194438,6.40714e-06,0.0140213,71.6973,8.77481e-05,0.995257,0.000227961,6739.82,0.0556999,3.8,0.0757801,-5.52781e-07,4.74904e-07,0
restore_wild_modulation_preset_8,1,0.040201,0.147933,0.000406251,0.02525,240.462,1.96663e-07,0.0341672,0.00132668,46.8894,0.060958,4.9,0.284421,-1.40941e-06,1.23248e-08,0
restore_wild_modulation_preset_8,2,0.0131671,0.194423,6.4449e-06,0.0127428,71.7062,8.78308e-05,0.995239,0.000228042,19751,0.0557096,3.8,0.0757037,-5.52785e-07,4.75036e-07,0
restore_space_time_tone_preset_8,1,0.0400213,0.145741,0.000397709,0.0249718,239.774,1.67229e-07,0.0340612,0.00131448,21.9345,0.0609442,4.9,0.286664,-1.30981e-06,1.38077e-08,0
restore_space_time_tone_preset_8,2,0.0132611,0.194344,6.63129e-06,0.0126937,71.6042,8.57484e-05,0.995396,0.000228474,761.784,0.0557125,3.9,0.0791458,-5.52343e-07,4.75042e-07,0
restore_bloom_tone_mix_preset_8,1,0.0401248,0.14688,0.000407778,0.0254098,240.506,1.70896e-07,0.0339401,0.00132385,39.7521,0.0607044,4.9,0.284111,-1.40976e-06,1.23936e-08,0
restore_bloom_tone_mix_preset_8,2,0.0131213,0.193742,6.5255e-06,0.0128481,71.7118,8.79961e-05,0.995237,0.000227762,6743.94,0.0554986,3.8,0.0759491,-5.49616e-07,4.72425e-07,0
restore_wild_feedback_preset_9,1,0.044408,0.175432,0.000420582,0.0350795,250.776,3.17891e-10,0.0328171,0.00155664,20113.2,0.0586972,4,0.161093,-3.63474e-06,1.87668e-08,0
restore_wild_feedback_preset_9,2,0.0131158,0.192431,1.15126e-06,0.0180596,72.1251,8.6255e-05,0.994423,0.000226531,374073,0.0535031,3.3,0.048919,-5.32024e-07,4.53426e-07,0
restore_bloom_feedback_preset_9,1,0.043335,0.168197,0.000336763,0.0324779,250.88,2.44702e-10,0.0328041,0.00151976,10353.5,0.0588207,3.9,0.137106,-3.10424e-06,1.97104e-08,0
restore_bloom_feedback_preset_9,2,0.0130569,0.191484,7.61715e-07,0.0173913,72.0185,8.67165e-05,0.994667,0.000225453,118026,0.053523,3.1,0.0412894,-5.30314e-07,4.54344e-07,0
restore_space_shimmer_preset_9,1,0.0434476,0.168973,0.000344892,0.0327537,250.876,2.50977e-10,0.0328048,0.0015237,10274.6,0.0588063,4,0.139806,-3.15752e-06,2.21005e-08,0
restore_space_shimmer_preset_9,2,0.0130632,0.191584,7.9851e-07,0.0174602,72.0288,8.66684e-05,0.994644,0.000225564,144074,0.0535208,3.1,0.0420787,-5.30535e-07,4.54295e-07,0
restore_bloom_shimmer_preset_9,1,0.0434472,0.168965,0.000344881,0.0327537,250.875,2.51001e-10,0.032805,0.00152367,10274.6,0.0588066,4,0.13981,-3.15709e-06,2.20672e-08,0
restore_bloom_shimmer_preset_9,2,0.0130632,0.191584,7.98503e-07,0.0174602,72.0288,8.66684e-05,0.994644,0.000225564,144074,0.0535208,3.1,0.0420764,-5.3052e-07,4.54297e-07,0
restore_space_spatial_preset_9,1,0.0434508,0.169327,0.000345153,0.0354659,250.874,2.50991e-10,0.0328051,0.00152365,10274.6,0.058808,4,0.140058,-3.15671e-06,2.20066e-08,0
restore_space_spatial_preset_9,2,0.0130636,0.191597,8.02829e-07,0.0189073,72.0287,8.66683e-05,0.994644,0.000225564,144074,0.0535211,3.1,0.0422801,-5.30521e-07,4.54287e-07,0
restore_wild_modulation_preset_9,1,0.0434517,0.168979,0.000343033,0.0327232,250.865,4.67401e-10,0.0328083,0.00152375,8964.75,0.0588068,4,0.139829,-3.15702e-06,2.16575e-08,0
restore_wild_modulation_preset_9,2,0.0130635,0.191585,7.99323e-07,0.0174416,72.0291,8.66732e-05,0.994643,0.000225571,144074,0.0535211,3.1,0.0421204,-5.30535e-07,4.54296e-07,0
restore_space_time_tone_preset_9,1,0.0434468,0.168957,0.00034487,0.0327538,250.874,2.50997e-10,0.0328051,0.00152365,10274.6,0.058807,4,0.139813,-3.15668e-06,2.20836e-08,0
restore_space_time_tone_preset_9,2,0.0130632,0.191584,7.98496e-07,0.0174602,72.0287,8.66683e-05,0.994644,0.000225564,144074,0.0535208,3.1,0.0420787,-5.30518e-07,4.54289e-07,0
restore_bloom_tone_mix_preset_9,1,0.0433622,0.168858,0.000348718,0.0329995,250.898,2.54658e-10,0.0328026,0.00152091,10274.6,0.0584756,4,0.139961,-3.16491e-06,2.1392e-08,0
restore_bloom_tone_mix_preset_9,2,0.0130024,0.190672,8.07617e-07,0.017638,72.0447,8.68026e-05,0.994617,0.000224681,129041,0.053237,3.1,0.0421759,-5.27003e-07,4.52279e-07,0
restore_wild_feedback_preset_10,1,0.0239755,0.0916005,0.00187013,0.0803268,271.905,4.75284e-07,0.0297424,0.000917776,25693.6,0.0432619,9.3,0.857095,-5.90571e-07,9.75365e-05,0
restore_wild_feedback_preset_10,2,0.0100022,0.151347,4.7612e-05,0.0519358,73.6313,0.000106694,0.991955,0.000197712,400677,0.0421254,7.2,0.262157,-3.79194e-07,1.41564e-05,0
restore_bloom_feedback_preset_10,1,0.0239669,0.0910247,0.00187496,0.079685,271.491,4.37908e-07,0.0297923,0.000915706,24888.8,0.0433516,9.2,0.809102,-5.98208e-07,6.39811e-05,0
restore_bloom_feedback_preset_10,2,0.00999809,0.151353,4.64693e-05,0.0513104,73.4986,0.000106397,0.992141,0.000196832,335799,0.0421325,7.2,0.239051,-3.79508e-07,8.29178e-06,0
restore_space_shimmer_preset_10,1,0.0239703,0.0917344,0.00187158,0.0799491,271.608,4.55617e-07,0.0298036,0.00091638,25714.7,0.0433081,9.2,0.830384,-5.94274e-07,7.65577e-05,0
restore_space_shimmer_preset_10,2,0.00999969,0.15135,4.69048e-05,0.0515694,73.5508,0.000106537,0.992066,0.000197182,368713,0.0421293,7.2,0.248447,-3.79362e-07,1.03661e-05,0
restore_bloom_shimmer_preset_10,1,0.0239705,0.0917215,0.00187191,0.0799498,271.615,4.55844e-07,0.029802,0.000916409,26120.9,0.0433089,9.2,0.8305,-5.94257e-07,7.66464e-05,0
restore_bloom_shimmer_preset_10,2,0.0099997,0.15135,4.69101e-05,0.0515712,73.5509,0.000106538,0.992066,0.000197183,368713,0.0421293,7.2,0.248449,-3.79365e-07,1.03728e-05,0
restore_space_spatial_preset_10,1,0.0239746,0.0916866,0.00187286,0.0801924,271.657,4.81723e-07,0.0297779,0.000916662,24459.2,0.0433127,9.2,0.830713,-5.94769e-07,7.67589e-05,0
restore_space_spatial_preset_10,2,0.00999995,0.151352,4.69354e-05,0.0517261,73.5442,0.000106351,0.992057,0.00019706,362191,0.0421298,7.2,0.248352,-3.79396e-07,1.04713e-05,0
restore_wild_modulation_preset_10,1,0.0239649,0.090386,0.00187165,0.079999,271.681,4.39874e-07,0.029811,0.000916386,26511.6,0.0433024,9.2,0.831002,-5.93762e-07,7.68866e-05,0
restore_wild_modulation_preset_10,2,0.0100006,0.15135,4.70139e-05,0.0515771,73.5807,0.000106579,0.992037,0.000197478,378120,0.0421315,7.2,0.248766,-3.79324e-07,1.06182e-05,0
restore_space_time_tone_preset_10,1,0.034497,0.163057,0.00397334,0.0872489,251.235,2.84705e-07,0.0330585,0.00121176,7.70814,0.0433134,10.4,0.946812,-2.55234e-06,0.000304428,0
restore_space_time_tone_preset_10,2,0.0103736,0.151351,4.9514e-05,0.0517874,73.2829,9.90627e-05,0.992695,0.000201541,299609,0.0421296,8.1,0.322213,-3.78278e-07,2.46736e-05,0
restore_bloom_tone_mix_preset_10,1,0.0225572,0.0995746,0.00220801,0.0922029,277.932,6.08984e-07,0.0287818,0.000883396,25293.7,0.0375164,9.3,0.841576,-7.89476e-07,8.34058e-05,0
restore_bloom_tone_mix_preset_10,2,0.00892168,0.134712,5.53042e-05,0.0627812,74.739,0.000116186,0.990202,0.000186314,358122,0.0371054,7.2,0.257664,-3.23029e-07,1.0977e-05,0
restore_wild_feedback_preset_11,1,0.0251958,0.091113,0.00104493,0.0697655,262.72,8.89846e-07,0.0370418,0.0009337,226.778,0.0497042,10.8,0.960741,-1.61912e-07,0.000463951,0
restore_wild_feedback_preset_11,2,0.011392,0.167341,2.14175e-05,0.0302986,72.2968,9.30162e-05,0.994583,0.000209619,241504,0.0477467,8,0.368329,-4.33205e-07,6.24136e-05,0
restore_bloom_feedback_preset_11,1,0.025158,0.089785,0.00101908,0.0686972,262.255,8.69789e-07,0.0367343,0.00092976,36.3145,0.0498092,10.3,0.934602,-1.77796e-07,0.000293817,0
restore_bloom_feedback_preset_11,2,0.0113884,0.16734,2.02387e-05,0.0296396,72.1786,9.27001e-05,0.994748,0.000208635,252136,0.0477532,8,0.318377,-4.33163e-07,3.56968e-05,0
restore_space_shimmer_preset_11,1,0.0251617,0.0899361,0.00102203,0.0688496,262.306,8.75483e-07,0.0367647,0.00093018,37.9842,0.0497926,10.3,0.94041,-1.75581e-07,0.000316821,0
restore_space_shimmer_preset_11,2,0.0113889,0.167339,2.04022e-05,0.0297367,72.1947,9.27874e-05,0.994728,0.000208822,264080,0.0477523,8,0.325565,-4.33167e-07,3.90175e-05,0
restore_bloom_shimmer_preset_11,1,0.0251618,0.0899219,0.00102208,0.0688507,262.306,8.7546e-07,0.0367684,0.000930186,37.9842,0.0497934,10.3,0.940403,-1.75627e-07,0.000316832,0
restore_bloom_shimmer_preset_11,2,0.0113889,0.167339,2.04023e-05,0.0297368,72.1947,9.27875e-05,0.994728,0.000208821,264080,0.0477522,8,0.32556,-4.33165e-07,3.90167e-05,0
restore_space_spatial_preset_11,1,0.0251737,0.0906422,0.00102238,0.0736077,262.278,8.47999e-07,0.0368202,0.000930287,31.2221,0.0498017,10.3,0.940472,-1.73111e-07,0.00031483,0
restore_space_spatial_preset_11,2,0.0113893,0.167356,2.03977e-05,0.0318242,72.1913,9.27654e-05,0.99474,0.000208686,257703,0.047753,8,0.326442,-4.3312e-07,3.8362e-05,0
restore_wild_modulation_preset_11,1,0.0251878,0.0912591,0.00102858,0.0774625,263.04,1.15436e-06,0.0367713,0.000935211,46.1236,0.0498406,10.3,0.939398,-1.85209e-07,0.000313722,0
restore_wild_modulation_preset_11,2,0.0113987,0.167421,2.04825e-05,0.0345401,72.2048,9.28428e-05,0.994728,0.000208974,223856,0.0477513,8,0.332169,-4.33094e-07,4.03963e-05,0
restore_space_time_tone_preset_11,1,0.0313352,0.140896,0.00204432,0.0774973,256.176,7.91164e-07,0.0352288,0.00113423,732.802,0.0497891,11,0.979836,-1.16517e-06,0.000420288,0
restore_space_time_tone_preset_11,2,0.0115743,0.170512,3.25954e-05,0.0314566,72.4397,8.8894e-05,0.994131,0.000206294,104671,0.0477831,8.6,0.303387,-4.40965e-07,3.65724e-05,0
restore_bloom_tone_mix_preset_11,1,0.0233567,0.0839445,0.00116939,0.0791459,265.876,1.16239e-06,0.0380838,0.000877949,37.9842,0.0454525,10.3,0.94606,-2.26574e-07,0.000339768,0
restore_bloom_tone_mix_preset_11,2,0.0105831,0.155323,2.32777e-05,0.0341794,72.5106,9.64388e-05,0.994298,0.000199204,208631,0.0441429,8,0.334653,-3.92929e-07,3.98086e-05,0
restore_wild_feedback_preset_12,1,0.0361343,0.120782,4.25897e-05,0.00934354,240.408,3.8556e-10,0.0346537,0.00120415,32.3952,0.0637132,3.6,0.0744028,4.60606e-07,7.90582e-09,0
restore_wild_feedback_preset_12,2,0.0137767,0.201069,2.7776e-08,0.00591174,71.5478,8.42388e-05,0.995649,0.000234001,93.9542,0.0583175,2.9,0.0128056,-6.10691e-07,4.95941e-07,0
restore_bloom_feedback_preset_12,1,0.0361165,0.120661,4.18548e-05,0.0092277,240.421,3.6228e-10,0.0346469,0.00120351,32.3952,0.0637429,3.6,0.0743611,4.63547e-07,8.28367e-09,0
restore_bloom_feedback_preset_12,2,0.0137765,0.201066,2.7259e-08,0.00583456,71.5432,8.41733e-05,0.995657,0.000233914,93.9542,0.0583242,2.9,0.0127014,-6.1059e-07,4.95852e-07,0
restore_space_shimmer_preset_12,1,0.0361204,0.120689,4.20076e-05,0.00925152,240.418,3.70869e-10,0.0346484,0.00120365,32.3952,0.0637366,3.6,0.0743704,4.62983e-07,8.32622e-09,0
restore_space_shimmer_preset_12,2,0.0137765,0.201067,2.73651e-08,0.00585043,71.5441,8.41868e-05,0.995655,0.000233932,93.9542,0.0583228,2.9,0.0127269,-6.10632e-07,4.95899e-07,0
restore_bloom_shimmer_preset_12,1,0.0361202,0.120687,4.20067e-05,0.00925154,240.418,3.70883e-10,0.0346483,0.00120365,32.3952,0.0637367,3.6,0.0743704,4.63011e-07,8.32622e-09,0
restore_bloom_shimmer_preset_12,2,0.0137765,0.201067,2.73651e-08,0.00585043,71.5441,8.41868e-05,0.995655,0.000233932,93.9542,0.0583228,2.9,0.0127269,-6.10624e-07,4.95885e-07,0
restore_space_spatial_preset_12,1,0.0361245,0.120716,4.20562e-05,0.00942663,240.408,3.67326e-10,0.0346493,0.0012037,32.3952,0.063738,3.6,0.0744028,4.62753e-07,7.75621e-09,0
restore_space_spatial_preset_12,2,0.0137769,0.201068,2.7469e-08,0.00596041,71.5448,8.42024e-05,0.995655,0.000233948,93.9542,0.0583239,2.9,0.0127361,-6.1065e-07,4.95957e-07,0
restore_wild_modulation_preset_12,1,0.0361193,0.120686,4.19968e-05,0.00925107,240.422,7.85212e-10,0.0346441,0.00120367,32.3952,0.0637368,3.6,0.0743588,4.62918e-07,7.71899e-09,0
restore_wild_modulation_preset_12,2,0.0137765,0.201067,2.73645e-08,0.0058507,71.5438,8.41844e-05,0.995655,0.000233931,93.9542,0.0583228,2.9,0.0127222,-6.10588e-07,4.9586e-07,0
restore_space_time_tone_preset_12,1,0.0401257,0.144389,6.94926e-05,0.0138776,252.986,4.70399e-10,0.0324808,0.00142265,5.54807,0.0637327,3.6,0.0755301,-2.42918e-06,7.31013e-09,0
restore_space_time_tone_preset_12,2,0.0137605,0.201172,1.89355e-08,0.0057348,71.4737,8.3574e-05,0.995684,0.000233834,128.947,0.0583264,2.8,0.0120671,-6.11358e-07,4.96177e-07,0
restore_bloom_tone_mix_preset_12,1,0.0361503,0.120761,4.18195e-05,0.00922336,240.424,3.6866e-10,0.0346457,0.00120464,32.3952,0.0638131,3.6,0.0743611,4.64692e-07,8.0671e-09,0
restore_bloom_tone_mix_preset_12,2,0.0137906,0.201273,2.72433e-08,0.00583144,71.5424,8.41597e-05,0.995658,0.000234139,93.9542,0.0583852,2.9,0.0127014,-6.11867e-07,4.96839e-07,0
