manual,wild,bloom,effective_feedback
0.2,0,0,0.2
0.2,0,0.5,0.307143
0.2,0,1,0.414286
0.2,0.5,0,0.244
0.2,0.5,0.5,0.347714
0.2,0.5,1,0.451429
0.2,1,0,0.290286
0.2,1,0.5,0.390245
0.2,1,1,0.490204
0.45,0,0,0.45
0.45,0,0.5,0.521429
0.45,0,1,0.592857
0.45,0.5,0,0.479714
0.45,0.5,0.5,0.549755
0.45,0.5,1,0.619796
0.45,1,0,0.511714
0.45,1,0.5,0.580041
0.45,1,1,0.648367
0.7,0,0,0.7
0.7,0,0.5,0.735714
0.7,0,1,0.771429
0.7,0.5,0,0.715429
0.7,0.5,0.5,0.751796
0.7,0.5,1,0.788163
0.7,1,0,0.733143
0.7,1,0.5,0.769837
0.7,1,1,0.806531
0.9,0,0,0.9
0.9,0,0.5,0.907143
0.9,0,1,0.914286
0.9,0.5,0,0.904
0.9,0.5,0.5,0.913428
0.9,0.5,1,0.922857
0.9,1,0,0.910286
0.9,1,0.5,0.921673
0.9,1,1,0.933061
1.05,0,0,1.05
1.05,0,0.5,1.05
1.05,0,1,1.05
1.05,0.5,0,1.05
1.05,0.5,0.5,1.05
1.05,0.5,1,1.05
1.05,1,0,1.05
1.05,1,0.5,1.05
1.05,1,1,1.05
