parameter,manual,effective_macros_zero,result
feedback,0,1.9791e-15,PASS
feedback,0.2625,0.2625,PASS
feedback,0.525,0.525,PASS
feedback,0.7875,0.7875,PASS
feedback,1.05,1.05,PASS
feedback,0.2,0.2,PASS
feedback,0.7,0.7,PASS
feedback,0.85,0.85,PASS
feedback,0.9,0.9,PASS
feedback,1.05,1.05,PASS
wetWidth,0,2.00294e-15,PASS
wetWidth,0.25,0.25,PASS
wetWidth,0.5,0.5,PASS
wetWidth,0.75,0.75,PASS
wetWidth,1,1,PASS
shimmerAmount,0,1.4013e-45,PASS
shimmerAmount,0.25,0.25,PASS
shimmerAmount,0.5,0.5,PASS
shimmerAmount,0.75,0.75,PASS
shimmerAmount,1,1,PASS
duckAmount,0,3.33824e-16,PASS
duckAmount,0.25,0.25,PASS
duckAmount,0.5,0.5,PASS
duckAmount,0.75,0.75,PASS
duckAmount,1,1,PASS
diffusion,0,1.33529e-15,PASS
diffusion,0.25,0.25,PASS
diffusion,0.5,0.5,PASS
diffusion,0.75,0.75,PASS
diffusion,1,1,PASS
modDepth,0,3.33824e-16,PASS
modDepth,0.25,0.25,PASS
modDepth,0.5,0.5,PASS
modDepth,0.75,0.75,PASS
modDepth,1,1,PASS
chaos,0,1.4013e-45,PASS
chaos,0.25,0.25,PASS
chaos,0.5,0.5,PASS
chaos,0.75,0.75,PASS
chaos,1,1,PASS
wobble,0,3.33824e-16,PASS
wobble,0.25,0.25,PASS
wobble,0.5,0.5,PASS
wobble,0.75,0.75,PASS
wobble,1,1,PASS
modRateHz,0.02,0.02,PASS
modRateHz,0.515,0.515,PASS
modRateHz,1.01,1.01,PASS
modRateHz,1.505,1.505,PASS
modRateHz,2,2,PASS
highCutHz,1000,1000,PASS
highCutHz,5250,5250,PASS
highCutHz,9500,9500,PASS
highCutHz,13750,13750,PASS
highCutHz,18000,18000,PASS
lowCutHz,20,20,PASS
lowCutHz,265,265,PASS
lowCutHz,510,510,PASS
lowCutHz,755,755,PASS
lowCutHz,1000,1000,PASS
timeMs,10,10,PASS
timeMs,507.5,507.5,PASS
timeMs,1005,1005,PASS
timeMs,1502.5,1502.5,PASS
timeMs,2000,2000,PASS
mix,0,1.16838e-15,PASS
mix,0.25,0.25,PASS
mix,0.5,0.5,PASS
mix,0.75,0.75,PASS
mix,1,1,PASS
