case,source,rms,peak,tail_energy,width,centroid,hf_ratio,lf_ratio,modulation_proxy,pitch_variance_proxy,transient_rms,decay_proxy_seconds,tail_density,dc,last_second_rms
space_0,0,0.000496008,0.363415,4.22192e-12,0.0298666,10429.4,0.568428,0.0110429,0.000699821,853673,0.00527,1.3,0,-6.77787e-07,6.82194e-07
space_0,1,0.0284634,0.103225,0.000114711,0.0136087,254.438,1.8087e-08,0.0324356,0.00101632,31.7627,0.060547,4.3,0.176391,5.36658e-07,1.81608e-08
space_0,2,0.0130527,0.192321,6.21086e-07,0.0112125,71.7506,8.37896e-05,0.995615,0.000221569,24385,0.0541824,3.4,0.0583241,-5.65399e-07,4.57279e-07
space_0,3,0.0281183,0.145509,5.00776e-05,0.0194053,156.234,3.02188e-09,0.91404,0.000582561,468.025,0.0140878,4,0.145961,-7.32294e-08,1.58349e-08
space_10,0,0.000495996,0.363415,4.25269e-12,0.0328488,10135.4,0.550586,0.0103266,0.000699539,2.02189e+06,0.00527554,1,0,-6.81634e-07,6.87333e-07
space_10,1,0.025821,0.102704,0.000145268,0.0175987,269.239,1.95397e-08,0.0299239,0.000979663,24.9123,0.0605423,4,0.168924,-2.54695e-07,1.31067e-08
space_10,2,0.0132563,0.196716,1.08824e-06,0.0111768,71.8713,8.12756e-05,0.995678,0.000222854,179.739,0.0542569,3.5,0.0429375,-5.83298e-07,4.60967e-07
space_10,3,0.0256701,0.136449,5.61387e-05,0.0202549,162.957,5.71133e-09,0.914524,0.00055483,4363.07,0.0140964,3.9,0.143264,-7.38339e-08,1.60773e-08
space_20,0,0.000495124,0.363415,4.3025e-12,0.0350773,11219.7,0.613051,0.0122248,0.000699284,2.31042e+06,0.00527079,1.1,0,-6.82251e-07,6.88045e-07
space_20,1,0.0256934,0.102552,0.000168382,0.0203543,274.291,2.16165e-08,0.0301709,0.00101019,27.0535,0.0604941,4.5,0.189831,-6.17299e-07,1.42714e-08
space_20,2,0.0121561,0.190159,5.08575e-06,0.0111184,71.0162,9.55966e-05,0.995073,0.000216193,1432.46,0.0543107,3.6,0.0413773,-6.13702e-07,4.62627e-07
space_20,3,0.0225159,0.136674,6.20072e-05,0.0230551,161.877,7.34916e-09,0.885892,0.000484918,10017.1,0.0141032,4,0.164454,-7.46965e-08,1.49727e-08
space_30,0,0.000494779,0.363415,4.30825e-12,0.0381017,11204.6,0.613717,0.0124395,0.000699063,3.4671e+06,0.00527109,1.2,0,-6.83374e-07,6.89413e-07
space_30,1,0.0259872,0.102393,0.000192975,0.0234541,268.496,2.42712e-08,0.0312208,0.00100161,25.7871,0.0604474,4.6,0.203736,-1.04677e-06,1.19752e-08
space_30,2,0.0132112,0.190376,6.82406e-06,0.0130378,71.5156,8.04507e-05,0.995829,0.000221913,174.974,0.0543657,3.7,0.0516042,-5.64628e-07,4.63092e-07
space_30,3,0.0293404,0.155755,8.7362e-05,0.0213002,159.01,5.18532e-09,0.912771,0.000620174,4154.24,0.0141104,4.1,0.17838,-7.52484e-08,1.37748e-08
space_40,0,0.000494495,0.363415,4.70484e-12,0.0412513,11903,0.628495,0.0066202,0.000698887,3.99858e+06,0.0052713,1.3,0,-6.83842e-07,6.89887e-07
space_40,1,0.0300965,0.10706,0.000273308,0.0275239,238.407,2.15285e-08,0.0342763,0.000982567,7020.38,0.0603985,4.8,0.238505,-1.38204e-06,1.1989e-08
space_40,2,0.0129706,0.19017,5.64351e-06,0.0130997,71.495,8.31559e-05,0.995654,0.000220648,2309.01,0.0544218,3.8,0.0678889,-5.64876e-07,4.65584e-07
space_40,3,0.0294793,0.159134,8.56268e-05,0.0199043,164.303,4.30635e-09,0.880363,0.000642911,11163.4,0.0141176,4.2,0.214854,-7.66976e-08,1.49391e-08
space_50,0,0.000494276,0.363415,4.64728e-12,0.0445212,11657.5,0.611375,0.00782659,0.000698594,4.00032e+06,0.00527165,1.4,0,-6.83864e-07,6.89699e-07
space_50,1,0.0359283,0.11461,0.000214693,0.0214945,235.481,1.17344e-08,0.0347859,0.00115001,5.97011,0.0603537,4.4,0.248442,-3.76768e-07,1.00427e-08
space_50,2,0.0129096,0.190176,4.8641e-06,0.0135578,71.5193,8.49306e-05,0.995478,0.00022029,217.535,0.0544784,3.9,0.0709282,-5.63986e-07,4.64264e-07
space_50,3,0.0302347,0.165632,9.17519e-05,0.0203493,164.435,4.29043e-09,0.87269,0.000659269,17195.9,0.0141252,4.3,0.208961,-7.71658e-08,1.37822e-08
space_60,0,0.000493987,0.363415,4.71239e-12,0.0479245,11976.8,0.620129,0.00600133,0.000698357,3.92227e+06,0.00527205,1.5,0,-6.844e-07,6.90224e-07
space_60,1,0.0314533,0.109948,0.000322163,0.0303957,239.233,2.16363e-08,0.034147,0.00103098,252.664,0.0603086,5.2,0.276509,-1.28356e-06,9.39941e-09
space_60,2,0.0128599,0.190135,4.38641e-06,0.0136398,71.4593,8.44922e-05,0.995587,0.000220024,462.642,0.0545351,4,0.0771759,-5.62693e-07,4.65709e-07
space_60,3,0.0298168,0.15973,0.000111538,0.0244638,163.097,4.79335e-09,0.883106,0.000646075,11962.5,0.0141335,4.5,0.247252,-7.74424e-08,1.30362e-08
space_70,0,0.000493784,0.363415,8.77479e-12,0.0514532,11482,0.614981,0.011575,0.000698198,4.1938e+06,0.00527248,1.7,0,-6.85956e-07,6.9239e-07
space_70,1,0.0367457,0.139064,0.000379016,0.0292464,250.657,1.37645e-08,0.0329172,0.00128747,20.697,0.060271,4.7,0.304833,-1.62836e-06,9.10491e-09
space_70,2,0.0129048,0.190076,4.13343e-06,0.0140451,71.4249,8.41533e-05,0.995632,0.00022015,223.021,0.0545915,4.2,0.0780394,-5.6443e-07,4.66904e-07
space_70,3,0.0253727,0.137917,8.94232e-05,0.0288056,163.739,5.01106e-09,0.8997,0.000550939,1254.72,0.014142,4.6,0.247088,-7.82135e-08,1.09096e-08
space_80,0,0.000493931,0.363415,7.86323e-12,0.0560936,12184.4,0.657295,0.0114291,0.000698874,4.18139e+06,0.00527334,1.8,0,-6.85921e-07,6.9184e-07
space_80,1,0.0271678,0.101497,0.000263207,0.0316672,255.614,1.59042e-08,0.0326882,0.000982464,17.1483,0.0602349,4.8,0.319463,-1.04581e-06,1.14002e-08
space_80,2,0.0129061,0.190267,3.63997e-06,0.0138024,71.5237,8.44954e-05,0.995605,0.000220108,235.4,0.0546478,3.5,0.0831088,-5.65069e-07,4.67156e-07
space_80,3,0.0263751,0.139115,9.22169e-05,0.0270465,159.189,4.19921e-09,0.890764,0.000559041,3501.23,0.0141505,4.7,0.269174,-7.88907e-08,1.0357e-08
space_90,0,0.000493606,0.363415,8.16476e-12,0.059937,12041.2,0.645211,0.0110435,0.000698173,3.90504e+06,0.0052739,2,0,-6.85971e-07,6.91509e-07
space_90,1,0.0348028,0.111325,0.000260672,0.0259159,237.193,1.08252e-08,0.0346242,0.00112753,4.69466,0.0602028,5,0.348308,-3.10218e-07,1.96461e-08
space_90,2,0.0124854,0.181597,4.41636e-06,0.0145404,71.0731,9.03893e-05,0.995275,0.000217615,455.857,0.0547032,4.5,0.0820972,-5.42531e-07,4.66978e-07
space_90,3,0.027204,0.143556,0.000132263,0.0298648,165.406,5.9428e-09,0.880007,0.000596497,2544.71,0.014159,4.9,0.304852,-7.95465e-08,1.40274e-08
space_100,0,0.000493627,0.363415,6.75243e-11,0.0639356,12306.3,0.629406,0.00528286,0.000698329,3.76884e+06,0.00527462,2.2,9.9537e-05,-6.87294e-07,6.93387e-07
space_100,1,0.0275155,0.101097,0.000257317,0.0297905,264.28,1.61949e-08,0.0312858,0.00103198,13.0196,0.0601752,5.2,0.372616,-4.29966e-07,7.03402e-08
space_100,2,0.0128128,0.190124,5.58025e-06,0.0139333,71.4088,8.48787e-05,0.995645,0.000219293,3009.53,0.0547601,4.7,0.0796296,-5.64308e-07,4.67765e-07
space_100,3,0.0277065,0.147983,0.000122533,0.0273046,166.593,4.06726e-09,0.864993,0.00061162,3579.44,0.014168,5.1,0.32765,-8.00654e-08,3.57546e-08
wild_0,0,0.000496008,0.363415,4.22192e-12,0.0298666,10429.4,0.568428,0.0110429,0.000699821,853673,0.00527,1.3,0,-6.77787e-07,6.82194e-07
wild_0,1,0.0284634,0.103225,0.000114711,0.0136087,254.438,1.8087e-08,0.0324356,0.00101632,31.7627,0.060547,4.3,0.176391,5.36658e-07,1.81608e-08
wild_0,2,0.0130527,0.192321,6.21086e-07,0.0112125,71.7506,8.37896e-05,0.995615,0.000221569,24385,0.0541824,3.4,0.0583241,-5.65399e-07,4.57279e-07
wild_0,3,0.0281183,0.145509,5.00776e-05,0.0194053,156.234,3.02188e-09,0.91404,0.000582561,468.025,0.0140878,4,0.145961,-7.32294e-08,1.58349e-08
wild_10,0,0.00049647,0.363415,4.44735e-12,0.0298627,10112.7,0.547708,0.0110662,0.00070024,912318,0.00527043,1.3,0,-6.77674e-07,6.82194e-07
wild_10,1,0.0284544,0.103239,0.000114217,0.0135907,253.854,1.95472e-08,0.0325394,0.00101326,2471.9,0.0604802,4.3,0.189424,5.27174e-07,1.53694e-08
wild_10,2,0.0130486,0.192229,7.51361e-07,0.0114009,71.7614,8.39457e-05,0.995594,0.000221696,73509.1,0.0541776,3.4,0.0633843,-5.65343e-07,4.57279e-07
wild_10,3,0.0281665,0.14635,5.1999e-05,0.019948,156.054,3.94733e-09,0.913984,0.000582949,406.681,0.0140857,4.1,0.159373,-7.3858e-08,1.42089e-08
wild_20,0,0.000496979,0.363415,5.93472e-12,0.0301062,9714.77,0.522492,0.0110903,0.000700655,1.3442e+06,0.00527091,1.3,0,-6.77428e-07,6.81961e-07
wild_20,1,0.0284379,0.103249,0.000113515,0.0135952,253.291,1.89931e-08,0.0326209,0.00100994,11927.3,0.0603993,4.3,0.201417,5.18712e-07,1.66711e-08
wild_20,2,0.0130433,0.192214,9.07246e-07,0.0116094,71.783,8.40847e-05,0.995566,0.000221835,307724,0.0541739,3.8,0.0699097,-5.65224e-07,4.57787e-07
wild_20,3,0.0282216,0.146453,5.44481e-05,0.0205525,155.855,6.27388e-09,0.914079,0.000583391,370.997,0.0140798,4.1,0.174502,-7.33536e-08,1.53278e-08
wild_30,0,0.000497566,0.363415,1.51205e-11,0.0312967,9243.76,0.492277,0.0110699,0.000701069,1.31039e+06,0.00527156,1.7,0,-6.77267e-07,6.81675e-07
wild_30,1,0.0284307,0.10301,0.000113762,0.0136161,252.708,2.47378e-08,0.0327164,0.00100695,18597.7,0.0603356,4.4,0.218231,5.10437e-07,1.77335e-08
wild_30,2,0.0130392,0.192141,1.0948e-06,0.0118359,71.804,8.41643e-05,0.995537,0.000221998,489150,0.0541624,3.8,0.0762222,-5.65085e-07,4.57605e-07
wild_30,3,0.0282884,0.147322,5.78254e-05,0.0212238,155.66,7.39305e-09,0.914121,0.000584092,319.509,0.0140799,4.2,0.19059,-7.28329e-08,1.69078e-08
wild_40,0,0.000498245,0.363415,6.99437e-11,0.031833,8691.35,0.457033,0.010975,0.00070148,1.51337e+06,0.0052721,2.2,0,-6.77024e-07,6.82227e-07
wild_40,1,0.0284297,0.103243,0.000114445,0.0136487,252.16,2.83143e-08,0.0327886,0.00100419,82232.5,0.0603287,4.7,0.235153,5.01754e-07,4.09804e-08
wild_40,2,0.0130372,0.192118,1.32271e-06,0.0120818,71.8285,8.42395e-05,0.995508,0.000222192,579019,0.0541536,3.8,0.0844537,-5.64876e-07,4.83937e-07
wild_40,3,0.0283668,0.148052,6.21607e-05,0.0219678,155.451,7.42608e-09,0.914304,0.000584958,293.201,0.0140716,4.2,0.208481,-7.25056e-08,1.9171e-08
wild_50,0,0.000499074,0.363415,4.04349e-10,0.0325521,8033.21,0.415171,0.0106752,0.000701891,993984,0.00527268,2.6,5.09259e-05,-6.76834e-07,8.95072e-07
wild_50,1,0.0284229,0.104571,0.000114948,0.0137007,251.561,5.59175e-08,0.0328686,0.00100121,379976,0.0602689,4.7,0.254789,4.92207e-07,4.05185e-07
wild_50,2,0.0130339,0.192078,1.5938e-06,0.0123568,71.8646,8.43253e-05,0.99546,0.000222452,544717,0.0541493,3.8,0.0978727,-5.64542e-07,1.71131e-06
wild_50,3,0.028458,0.148453,6.7437e-05,0.0227855,155.235,1.51802e-08,0.914488,0.000586065,153646,0.0140713,4.5,0.228491,-7.19187e-08,8.82e-08
wild_60,0,0.000500257,0.363415,2.54616e-09,0.0330349,7201.51,0.362336,0.0101023,0.000702307,37047.8,0.00527321,3,0.00189352,-6.7671e-07,7.72841e-06
wild_60,1,0.0284173,0.104474,0.000115774,0.0137614,251.046,6.25895e-08,0.0329445,0.000998474,419825,0.0602414,4.8,0.27641,4.82247e-07,2.79152e-06
wild_60,2,0.0130321,0.191956,1.93061e-06,0.0126502,71.8796,8.24842e-05,0.995404,0.000222043,526121,0.0541413,3.8,0.125921,-5.6398e-07,2.01241e-05
wild_60,3,0.0285604,0.149097,7.41332e-05,0.0236927,155.004,1.82759e-08,0.914815,0.000587344,508836,0.0140719,4.5,0.249741,-7.09285e-08,1.48267e-06
wild_70,0,0.000504333,0.363415,3.25185e-08,0.0338393,5296.57,0.240734,0.00807307,0.00070281,867128,0.00527374,11.8,0.125148,-6.757e-07,6.38344e-05
wild_70,1,0.0284287,0.106182,0.000117095,0.0141474,250.609,1.26854e-07,0.0330402,0.000996909,438011,0.060191,5.2,0.310785,4.71908e-07,1.57474e-05
wild_70,2,0.0130343,0.191979,2.3736e-06,0.013291,71.9954,8.44957e-05,0.995321,0.00022357,527269,0.0541424,4.2,0.347225,-5.63281e-07,8.11312e-05
wild_70,3,0.0286553,0.149692,8.14467e-05,0.0252479,154.794,4.09317e-08,0.915177,0.00058855,517789,0.0140631,4.6,0.273532,-7.1325e-08,7.30835e-06
wild_80,0,0.000511248,0.363415,1.02622e-07,0.0391997,4114.96,0.159988,0.0048254,0.000703624,33758.4,0.00527385,12,0.331803,-6.75626e-07,0.00010928
wild_80,1,0.0284453,0.108323,0.000118848,0.016671,250.64,1.86326e-07,0.0330452,0.000997871,449166,0.0601149,5.2,0.455042,4.53411e-07,7.98434e-05
wild_80,2,0.0130418,0.192061,3.02695e-06,0.0162517,72.1761,8.44037e-05,0.995184,0.000225224,528429,0.0541261,4.2,0.595639,-5.64064e-07,0.000153462
wild_80,3,0.0285954,0.150961,8.59401e-05,0.0311574,154.818,6.55673e-08,0.914653,0.000587507,523828,0.0140617,4.9,0.313572,-7.08399e-08,4.88232e-05
wild_90,0,0.000549305,0.363415,5.37984e-07,0.0478188,2408.43,0.0531655,0.00224197,0.000705396,530114,0.00527538,12,0.578259,-6.66765e-07,0.000440858
wild_90,1,0.0284331,0.109763,0.000116057,0.0199219,250.799,2.67428e-07,0.0330169,0.000998612,462932,0.0600954,5.6,0.639384,4.31436e-07,0.000145909
wild_90,2,0.0130607,0.191976,6.56791e-06,0.02017,74.4178,8.42195e-05,0.993678,0.000247777,517781,0.0541016,12,0.860317,-5.70339e-07,0.00102499
wild_90,3,0.0285121,0.153135,8.87972e-05,0.0388108,154.901,9.7233e-08,0.914327,0.000586594,528235,0.0140608,5,0.692743,-7.36808e-08,0.000296684
wild_100,0,0.00050572,0.363415,1.65759e-08,0.0504396,5245.75,0.234553,0.00922452,0.000704041,60506.9,0.00527578,8.5,0.0350556,-6.7599e-07,1.76426e-05
wild_100,1,0.0284665,0.106774,0.000117007,0.0244972,251.888,3.9171e-07,0.0330631,0.00100475,441032,0.060146,5.2,0.406229,4.21185e-07,2.67812e-05
wild_100,2,0.0130576,0.192445,3.39675e-06,0.0247495,72.1226,8.40565e-05,0.995226,0.000224446,559805,0.0540768,4.2,0.286148,-5.6315e-07,2.67642e-05
wild_100,3,0.0282391,0.149365,7.8161e-05,0.0472991,155.301,1.3892e-07,0.912934,0.000581545,602523,0.0140597,4.9,0.311586,-6.84007e-08,1.4067e-05
bloom_0,0,0.000496008,0.363415,4.22192e-12,0.0298666,10429.4,0.568428,0.0110429,0.000699821,853673,0.00527,1.3,0,-6.77787e-07,6.82194e-07
bloom_0,1,0.0284634,0.103225,0.000114711,0.0136087,254.438,1.8087e-08,0.0324356,0.00101632,31.7627,0.060547,4.3,0.176391,5.36658e-07,1.81608e-08
bloom_0,2,0.0130527,0.192321,6.21086e-07,0.0112125,71.7506,8.37896e-05,0.995615,0.000221569,24385,0.0541824,3.4,0.0583241,-5.65399e-07,4.57279e-07
bloom_0,3,0.0281183,0.145509,5.00776e-05,0.0194053,156.234,3.02188e-09,0.91404,0.000582561,468.025,0.0140878,4,0.145961,-7.32294e-08,1.58349e-08
bloom_10,0,0.000489485,0.357281,4.09084e-12,0.0311416,10911.5,0.599028,0.0100531,0.000690803,696221,0.00518368,0.9,0,-6.68493e-07,6.74468e-07
bloom_10,1,0.0278437,0.101203,0.000131324,0.0147632,256.787,2.20167e-08,0.0320841,0.00100555,15.2463,0.0594393,4.2,0.157359,5.417e-07,1.49156e-08
bloom_10,2,0.0128135,0.189,3.84173e-07,0.0117228,71.8286,8.49406e-05,0.995463,0.000218563,195.094,0.0532096,3.4,0.0439028,-5.52845e-07,4.51546e-07
bloom_10,3,0.0277461,0.145851,5.63114e-05,0.0198421,157.309,3.86237e-09,0.911432,0.000581219,6964.34,0.0138417,3.8,0.133706,-7.12545e-08,1.63688e-08
bloom_20,0,0.000482724,0.351117,3.93995e-12,0.0324522,10907.4,0.598724,0.00970501,0.000681127,707592,0.00509663,0.9,0,-6.5585e-07,6.6188e-07
bloom_20,1,0.0272152,0.0995356,0.000138593,0.0154974,257.485,2.42457e-08,0.031995,0.000986392,15.2463,0.0582863,4.2,0.158014,5.24229e-07,1.59712e-08
bloom_20,2,0.0125994,0.185817,4.05498e-07,0.012237,71.8733,8.53008e-05,0.995409,0.000215341,195.094,0.0522148,3.4,0.0444653,-5.38696e-07,4.43114e-07
bloom_20,3,0.0273484,0.143703,5.94895e-05,0.0206367,157.134,4.18143e-09,0.912811,0.000572435,6965.98,0.0135926,3.8,0.134463,-6.91615e-08,1.69993e-08
bloom_30,0,0.000475977,0.34492,3.79366e-12,0.0337855,10903,0.598399,0.00939061,0.000671466,707592,0.00500919,0.9,0,-6.43323e-07,6.49517e-07
bloom_30,1,0.0265953,0.0978566,0.000145875,0.016234,258.203,2.65944e-08,0.0319029,0.000967455,15.2463,0.0571341,4.2,0.158664,5.04777e-07,1.64042e-08
bloom_30,2,0.0123858,0.182619,4.27073e-07,0.0127521,71.9214,8.56677e-05,0.995352,0.000212125,195.094,0.0512204,3.4,0.0450023,-5.24184e-07,4.34102e-07
bloom_30,3,0.0269483,0.141534,6.27046e-05,0.0214091,156.976,4.50555e-09,0.914095,0.000563674,7229.71,0.0133425,3.8,0.135181,-6.73655e-08,1.69882e-08
bloom_40,0,0.000469287,0.33869,3.65231e-12,0.0351473,10830.3,0.593744,0.00913032,0.000661828,751683,0.00492134,0.9,0,-6.3084e-07,6.37247e-07
bloom_40,1,0.0259875,0.0961488,0.000151909,0.0168926,258.707,2.89935e-08,0.0318425,0.000947858,26.7652,0.0559754,4.3,0.162562,4.82292e-07,1.88156e-08
bloom_40,2,0.0121711,0.179386,4.66762e-07,0.0132672,71.9752,8.60645e-05,0.995287,0.000208923,26077.7,0.0502286,3.4,0.046838,-5.10204e-07,4.2628e-07
bloom_40,3,0.0265474,0.13949,6.60393e-05,0.0222221,156.808,4.8499e-09,0.915095,0.000554937,7938.87,0.013091,3.8,0.139363,-6.44863e-08,1.94616e-08
bloom_50,0,0.000462947,0.332422,3.68332e-12,0.0365646,10282.3,0.558914,0.00902392,0.000652253,850982,0.0048331,1.3,0,-6.17421e-07,6.24657e-07
bloom_50,1,0.0254062,0.0954593,0.000151835,0.0171344,257.916,3.11945e-08,0.0319761,0.000923597,26139.5,0.054778,4.3,0.185322,4.46169e-07,2.02749e-08
bloom_50,2,0.0119496,0.176048,6.38427e-07,0.0137977,72.0519,8.65942e-05,0.995183,0.000205827,224651,0.0492481,3.4,0.0550625,-4.95806e-07,4.17981e-07
bloom_50,3,0.0261734,0.138406,7.12148e-05,0.0234527,156.517,5.3838e-09,0.91504,0.000546704,11704.6,0.0128356,4.1,0.161611,-6.21762e-08,2.06842e-08
bloom_60,0,0.000456479,0.326117,4.22828e-12,0.0379888,10007.6,0.541391,0.00883785,0.000642668,1.82988e+06,0.00474436,1.3,0,-6.04442e-07,6.12345e-07
bloom_60,1,0.0248154,0.0942763,0.000156247,0.0176676,258.01,3.37329e-08,0.0319774,0.000902821,58449.4,0.0536086,4.3,0.195333,4.18857e-07,1.96896e-08
bloom_60,2,0.0117341,0.172759,7.42771e-07,0.0143288,72.1264,8.70428e-05,0.995089,0.000202701,358765,0.0482599,3.4,0.0586065,-4.81812e-07,4.0975e-07
bloom_60,3,0.0257809,0.136617,7.60438e-05,0.0244001,156.328,5.86308e-09,0.915625,0.000538246,12254.8,0.012581,4.2,0.17325,-6.06825e-08,1.96674e-08
bloom_70,0,0.000450093,0.31977,6.99906e-12,0.0394408,9697.18,0.521573,0.00865592,0.000633104,1.63381e+06,0.00465513,1.7,0,-5.90692e-07,5.99154e-07
bloom_70,1,0.0242305,0.0930782,0.0001607,0.0181951,258.086,3.63835e-08,0.0319814,0.000882158,125339,0.0524392,4.4,0.204553,3.917e-07,1.8519e-08
bloom_70,2,0.0115192,0.169452,8.62272e-07,0.0148656,72.2102,8.7498e-05,0.994985,0.000199604,530754,0.0472716,3.8,0.0628519,-4.67336e-07,4.00281e-07
bloom_70,3,0.0253868,0.134803,8.14225e-05,0.0253468,156.15,6.39729e-09,0.916132,0.000529827,13187.8,0.0123251,4.2,0.185002,-5.82566e-08,2.14451e-08
bloom_80,0,0.000443688,0.31338,1.29684e-11,0.040915,9470.3,0.507047,0.00846902,0.000623547,1.5125e+06,0.00456535,1.7,0,-5.77115e-07,5.8603e-07
bloom_80,1,0.0236488,0.0917065,0.000165908,0.0187765,258.367,3.91705e-08,0.0319544,0.000862389,214600,0.0512755,4.6,0.212093,3.66989e-07,2.10793e-08
bloom_80,2,0.0113058,0.166138,9.61723e-07,0.0153985,72.2972,8.79409e-05,0.99488,0.000196498,582597,0.0462812,3.8,0.0657778,-4.53056e-07,3.90384e-07
bloom_80,3,0.0249779,0.132758,8.64945e-05,0.0261845,156.008,6.90902e-09,0.91669,0.000521181,22388.5,0.0120684,4.2,0.192505,-5.62415e-08,2.23825e-08
bloom_90,0,0.000437856,0.307392,1.9199e-11,0.0424132,9352.08,0.499438,0.00828994,0.000614893,1.43664e+06,0.00448155,1.7,0,-5.65121e-07,5.74043e-07
bloom_90,1,0.0231051,0.0902889,0.000172285,0.0194093,258.864,4.20735e-08,0.0318946,0.000844764,261772,0.0501915,4.7,0.21588,3.453e-07,2.22358e-08
bloom_90,2,0.0111099,0.163054,1.03425e-06,0.0159229,72.3847,8.83708e-05,0.994778,0.000193649,592738,0.0453556,3.8,0.0676528,-4.39868e-07,3.80864e-07
bloom_90,3,0.0245865,0.130651,9.11602e-05,0.0268898,155.905,7.35231e-09,0.917283,0.000512958,39735.3,0.0118282,4.2,0.196602,-5.45315e-08,2.14289e-08
bloom_100,0,0.00043496,0.303405,2.57436e-11,0.043943,9275.46,0.494479,0.00812325,0.00061039,1.3584e+06,0.00442707,2.2,0,-5.5634e-07,5.64715e-07
bloom_100,1,0.0227222,0.0893983,0.000181361,0.020053,259.442,4.50631e-08,0.0318221,0.000833223,288473,0.049446,4.7,0.218493,3.31026e-07,2.43191e-08
bloom_100,2,0.0109898,0.161048,1.11097e-06,0.0164425,72.476,8.87983e-05,0.994674,0.000192102,595174,0.0447339,3.8,0.0692616,-4.30726e-07,3.74263e-07
bloom_100,3,0.0243482,0.129293,9.69186e-05,0.0275185,155.825,7.76188e-09,0.917822,0.000507977,64563.9,0.0116664,4.4,0.200058,-5.29346e-08,2.21698e-08
space_bloom_0_0,1,0.0284634,0.103225,0.000114711,0.0136087,254.438,1.8087e-08,0.0324356,0.00101632,31.7627,0.060547,4.3,0.176391,5.36658e-07,1.81608e-08
space_bloom_0_0,2,0.0130527,0.192321,6.21086e-07,0.0112125,71.7506,8.37896e-05,0.995615,0.000221569,24385,0.0541824,3.4,0.0583241,-5.65399e-07,4.57279e-07
space_bloom_0_25,1,0.0269042,0.0986977,0.000142233,0.0158655,257.842,2.54054e-08,0.0319493,0.000976897,15.2463,0.0577101,4.2,0.158319,5.14518e-07,1.57767e-08
space_bloom_0_25,2,0.0124926,0.18422,4.16254e-07,0.0124945,71.8969,8.54834e-05,0.995381,0.000213733,195.094,0.0517175,3.4,0.0447338,-5.31371e-07,4.38464e-07
space_bloom_0_50,1,0.0254062,0.0954593,0.000151835,0.0171344,257.916,3.11945e-08,0.0319761,0.000923597,26139.5,0.054778,4.3,0.185322,4.46169e-07,2.02749e-08
space_bloom_0_50,2,0.0119496,0.176048,6.38427e-07,0.0137977,72.0519,8.65942e-05,0.995183,0.000205827,224651,0.0492481,3.4,0.0550625,-4.95806e-07,4.17981e-07
space_bloom_0_75,1,0.0239403,0.0924724,0.000162943,0.0184564,258.118,3.77518e-08,0.0319843,0.000871871,208199,0.0518544,4.4,0.210058,3.78486e-07,1.9899e-08
space_bloom_0_75,2,0.011412,0.167793,9.28259e-07,0.0151361,72.2561,8.77278e-05,0.994928,0.000198069,566765,0.0467774,3.8,0.0649606,-4.60074e-07,3.95342e-07
space_bloom_0_100,1,0.0227222,0.0893983,0.000181361,0.020053,259.442,4.50631e-08,0.0318221,0.000833223,288473,0.049446,4.7,0.218493,3.31026e-07,2.43191e-08
space_bloom_0_100,2,0.0109898,0.161048,1.11097e-06,0.0164425,72.476,8.87983e-05,0.994674,0.000192102,595174,0.0447339,3.8,0.0692616,-4.30726e-07,3.74263e-07
space_bloom_25_0,1,0.0392717,0.145281,0.000290328,0.0217959,248.64,1.50184e-08,0.0330163,0.00135955,2488.43,0.0604708,4.5,0.204178,-1.991e-06,1.36298e-08
space_bloom_25_0,2,0.013292,0.190186,6.11815e-06,0.0118121,71.2636,7.93337e-05,0.99586,0.00022204,469.739,0.054338,3.6,0.0448565,-5.48495e-07,4.63042e-07
space_bloom_25_25,1,0.0384006,0.144016,0.000332708,0.0237906,248.878,1.79354e-08,0.0330001,0.00133155,2488.43,0.0575792,4.6,0.205949,-2.04696e-06,1.42755e-08
space_bloom_25_25,2,0.012765,0.182082,7.02712e-06,0.0131396,71.3016,7.95101e-05,0.995785,0.000213801,452.63,0.0518585,3.6,0.0462894,-5.12755e-07,4.4062e-07
space_bloom_25_50,1,0.0376663,0.143778,0.000404166,0.0263038,248.972,2.20019e-08,0.0330117,0.00130728,2317.11,0.0546665,4.6,0.22656,-2.15982e-06,1.77208e-08
space_bloom_25_50,2,0.0122201,0.173863,7.89424e-06,0.0144209,71.3603,7.98798e-05,0.995682,0.000205406,94235.3,0.0493867,3.6,0.0516829,-4.78442e-07,4.20248e-07
space_bloom_25_75,1,0.0370858,0.144819,0.000520482,0.029384,248.889,2.76167e-08,0.0330553,0.00128716,93115.4,0.0517325,4.6,0.267674,-2.33798e-06,1.7801e-08
space_bloom_25_75,2,0.0116552,0.165515,8.78815e-06,0.0156727,71.4493,8.04676e-05,0.995538,0.000196843,414715,0.0469192,3.7,0.0606806,-4.4462e-07,3.97897e-07
space_bloom_25_100,1,0.0364237,0.143954,0.000604948,0.0313971,249.025,3.18625e-08,0.0330646,0.00126554,221998,0.0493183,5,0.280324,-2.38526e-06,2.62427e-08
space_bloom_25_100,2,0.0111924,0.158603,9.95462e-06,0.0169648,71.5252,8.10441e-05,0.995421,0.000189734,535035,0.0448769,3.7,0.0645023,-4.16969e-07,3.78332e-07
space_bloom_50_0,1,0.0359283,0.11461,0.000214693,0.0214945,235.481,1.17344e-08,0.0347859,0.00115001,5.97011,0.0603537,4.4,0.248442,-3.76768e-07,1.00427e-08
space_bloom_50_0,2,0.0129096,0.190176,4.8641e-06,0.0135578,71.5193,8.49306e-05,0.995478,0.00022029,217.535,0.0544784,3.9,0.0709282,-5.63986e-07,4.64264e-07
space_bloom_50_25,1,0.0348184,0.111622,0.000246559,0.0237001,234.631,1.42585e-08,0.0349021,0.00110868,5.97011,0.0574536,4.4,0.251317,-4.04159e-07,1.18795e-08
space_bloom_50_25,2,0.0123575,0.182069,5.58643e-06,0.0151355,71.5951,8.58427e-05,0.995333,0.000211988,217.535,0.0520072,3.9,0.0733056,-5.28661e-07,4.42912e-07
space_bloom_50_50,1,0.0336642,0.108464,0.000278909,0.0258204,233.877,1.69499e-08,0.0350055,0.00106693,5.97011,0.0545608,4.4,0.253924,-4.26673e-07,1.34093e-08
space_bloom_50_50,2,0.0118066,0.17386,6.33138e-06,0.0167203,71.6881,8.67801e-05,0.995168,0.000203674,228.643,0.0495338,3.9,0.0755301,-4.93771e-07,4.2206e-07
space_bloom_50_75,1,0.032476,0.106855,0.000319218,0.0282582,233.365,1.96778e-08,0.0350819,0.00102594,90187.9,0.0516185,5,0.299597,-3.85855e-07,1.88758e-08
space_bloom_50_75,2,0.0112548,0.165512,7.1185e-06,0.0182902,71.8274,8.77821e-05,0.994925,0.00019547,172121,0.0470689,3.9,0.0909375,-4.59206e-07,3.9987e-07
space_bloom_50_100,1,0.0315233,0.104656,0.000362215,0.0302952,232.838,2.25836e-08,0.035159,0.000992583,117490,0.0491982,5.1,0.315343,-3.87007e-07,3.22546e-08
space_bloom_50_100,2,0.0108098,0.158585,8.08248e-06,0.0198665,71.9792,8.8751e-05,0.994681,0.000188978,365244,0.0450276,3.9,0.0966782,-4.30624e-07,3.80267e-07
space_bloom_75_0,1,0.0267557,0.101592,0.000233253,0.0282995,267.439,1.89225e-08,0.0311612,0.00102302,8391.25,0.0602526,5.3,0.31947,-6.92925e-07,1.24447e-08
space_bloom_75_0,2,0.0128934,0.190002,3.85209e-06,0.0137961,71.4925,8.45899e-05,0.995591,0.000220046,8505.15,0.0546195,4.3,0.0816412,-5.64465e-07,4.6742e-07
space_bloom_75_25,1,0.0251038,0.0973324,0.000266969,0.0321659,271.053,2.45685e-08,0.0307965,0.000976806,8391.25,0.0573448,5.5,0.323644,-6.83893e-07,1.36757e-08
space_bloom_75_25,2,0.0123353,0.181886,4.42326e-06,0.0154081,71.5565,8.54604e-05,0.99547,0.000211687,13738,0.0521566,4.3,0.0843889,-5.29504e-07,4.46431e-07
space_bloom_75_50,1,0.0235352,0.0930116,0.000301267,0.0360852,274.867,3.12382e-08,0.0304122,0.000932257,8439.02,0.0544452,5.5,0.327208,-6.69625e-07,1.51089e-08
space_bloom_75_50,2,0.0117781,0.173675,5.01228e-06,0.0170248,71.637,8.6366e-05,0.99533,0.000203329,13804.6,0.0496888,4.3,0.086831,-4.94822e-07,4.25e-07
space_bloom_75_75,1,0.022065,0.0885984,0.000328948,0.0396511,279.606,3.9023e-08,0.0299623,0.000893188,8761.39,0.0515239,5.6,0.356053,-6.23777e-07,4.01267e-08
space_bloom_75_75,2,0.0112203,0.165355,5.67173e-06,0.0185971,71.7496,8.73237e-05,0.995145,0.000195021,19015.5,0.0472194,4.3,0.0990648,-4.60738e-07,4.02495e-07
space_bloom_75_100,1,0.0208766,0.084944,0.000366863,0.0432234,284.194,4.79687e-08,0.0295238,0.000862269,8925.59,0.0490979,5.6,0.378204,-5.97302e-07,8.75501e-08
space_bloom_75_100,2,0.0107684,0.15845,6.46674e-06,0.0201669,71.886,8.82959e-05,0.994933,0.000188524,85184.9,0.0451788,4.3,0.107664,-4.3252e-07,3.82816e-07
space_bloom_100_0,1,0.0275155,0.101097,0.000257317,0.0297905,264.28,1.61949e-08,0.0312858,0.00103198,13.0196,0.0601752,5.2,0.372616,-4.29966e-07,7.03402e-08
space_bloom_100_0,2,0.0128128,0.190124,5.58025e-06,0.0139333,71.4088,8.48787e-05,0.995645,0.000219293,3009.53,0.0547601,4.7,0.0796296,-5.64308e-07,4.67765e-07
space_bloom_100_25,1,0.0258913,0.0968034,0.000294348,0.0337621,267.228,2.08669e-08,0.030961,0.000985037,13.0196,0.0572607,5.2,0.377035,-4.31253e-07,7.6779e-08
space_bloom_100_25,2,0.0122453,0.182014,6.40894e-06,0.0155772,71.4507,8.57224e-05,0.995545,0.000210799,3202.27,0.0523054,4.7,0.0822222,-5.29529e-07,4.46831e-07
space_bloom_100_50,1,0.0243381,0.0924546,0.000332151,0.0377793,270.334,2.62875e-08,0.0306212,0.000939583,809.077,0.0543553,5.3,0.380877,-4.31192e-07,8.31468e-08
space_bloom_100_50,2,0.0116774,0.173801,7.26374e-06,0.0172331,71.4997,8.6554e-05,0.995437,0.00020223,3215.42,0.049843,4.7,0.0845185,-4.95092e-07,4.25269e-07
space_bloom_100_75,1,0.0228579,0.08804,0.000370481,0.0417676,273.536,3.24335e-08,0.0302739,0.00089546,809.077,0.0514556,6.2,0.384412,-4.29192e-07,8.94419e-08
space_bloom_100_75,2,0.0111083,0.165467,8.14235e-06,0.0188909,71.5547,8.73421e-05,0.995326,0.000193533,5859.8,0.0473698,4.7,0.0862662,-4.61729e-07,4.04155e-07
space_bloom_100_100,1,0.0216786,0.0843656,0.000411992,0.0454293,276.982,3.90966e-08,0.0299177,0.000862558,809.077,0.0490252,6.2,0.405266,-4.18991e-07,1.84833e-07
space_bloom_100_100,2,0.0106419,0.15854,9.22986e-06,0.0205383,71.6204,8.8041e-05,0.995205,0.000186521,46017.2,0.0453297,4.7,0.0930231,-4.33889e-07,3.86099e-07
wild_feedback_0_20,1,0.0285046,0.103194,0.000120824,0.0137958,256.719,1.37346e-08,0.0320976,0.00102877,0,0.0607537,3.9,0.126646,5.66353e-07,1.28125e-08
wild_feedback_0_20,2,0.0130797,0.192667,3.07148e-07,0.0105555,71.7093,8.31795e-05,0.995683,0.000221198,46.6358,0.0542152,3.4,0.0373681,-5.66667e-07,4.58676e-07
wild_feedback_0_45,1,0.0284634,0.103225,0.000114711,0.0136087,254.438,1.8087e-08,0.0324356,0.00101632,31.7627,0.060547,4.3,0.176391,5.36658e-07,1.81608e-08
wild_feedback_0_45,2,0.0130527,0.192321,6.21086e-07,0.0112125,71.7506,8.37896e-05,0.995615,0.000221569,24385,0.0541824,3.4,0.0583241,-5.65399e-07,4.57279e-07
wild_feedback_0_70,1,0.0284296,0.103481,0.000114556,0.0135713,252.023,2.27637e-08,0.0328344,0.00100368,82138.4,0.0603453,4.7,0.238516,4.99897e-07,4.3207e-08
wild_feedback_0_70,2,0.0130366,0.192086,1.36782e-06,0.0120562,71.8384,8.42835e-05,0.995496,0.000222256,576300,0.0541517,3.8,0.0863542,-5.64706e-07,5.15575e-07
wild_feedback_0_90,1,0.028416,0.106413,0.000118982,0.0136641,250.186,1.65017e-08,0.0331117,0.000994424,422012,0.0601858,5.2,0.348991,4.66318e-07,6.5404e-05
wild_feedback_0_90,2,0.0130432,0.191971,5.3683e-06,0.0129356,74.1132,8.44169e-05,0.993917,0.000244795,524326,0.054129,12,0.833551,-5.52211e-07,0.00112505
wild_feedback_25_20,1,0.0284739,0.102983,0.000116349,0.0136968,255.375,1.96386e-08,0.0323021,0.00102121,23.0937,0.0605718,4,0.154294,5.46651e-07,1.25853e-08
wild_feedback_25_20,2,0.0130622,0.192483,4.54771e-07,0.0109576,71.7274,8.35482e-05,0.995648,0.000221388,163.242,0.0542006,3.4,0.0498727,-5.66573e-07,4.59142e-07
wild_feedback_25_45,1,0.0284338,0.103013,0.000113735,0.0136023,253.001,2.35771e-08,0.0326582,0.00100839,10843.6,0.0603619,4.3,0.210539,5.14665e-07,1.83088e-08
wild_feedback_25_45,2,0.0130414,0.192203,9.9623e-07,0.0117213,71.7891,8.41037e-05,0.995558,0.000221914,421754,0.0541672,3.8,0.0733009,-5.65203e-07,4.57371e-07
wild_feedback_25_70,1,0.0284099,0.10567,0.000117,0.013661,250.636,2.84821e-08,0.0330392,0.000996294,414324,0.060157,4.8,0.29616,4.74561e-07,1.1746e-05
wild_feedback_25_70,2,0.0130338,0.191995,2.3045e-06,0.0127141,72.0183,8.44759e-05,0.995321,0.00022386,526338,0.0541386,3.8,0.501988,-5.63028e-07,0.000142611
wild_feedback_25_90,1,0.0284218,0.107577,0.000131208,0.0138226,250.842,3.60758e-08,0.0331809,0.00100817,462765,0.0600618,12,0.873229,4.36644e-07,0.0025591
wild_feedback_25_90,2,0.0151257,0.191965,0.000709269,0.0161002,465.628,6.39452e-05,0.737554,0.00161107,508415,0.0541255,12,0.951789,-2.93946e-07,0.0221699
wild_feedback_50_20,1,0.0284529,0.102994,0.000113938,0.0137039,253.944,5.24756e-08,0.0325274,0.00101372,1264.72,0.06047,4.3,0.186245,5.28552e-07,1.69972e-08
wild_feedback_50_20,2,0.0130476,0.192275,7.23893e-07,0.0114636,71.7585,8.39063e-05,0.995597,0.000221647,78269.8,0.0541786,3.4,0.0623634,-5.65448e-07,4.57512e-07
wild_feedback_50_45,1,0.0284229,0.104571,0.000114948,0.0137007,251.561,5.59175e-08,0.0328686,0.00100121,379976,0.0602689,4.7,0.254789,4.92207e-07,4.05185e-07
wild_feedback_50_45,2,0.0130339,0.192078,1.5938e-06,0.0123568,71.8646,8.43253e-05,0.99546,0.000222452,544717,0.0541493,3.8,0.0978727,-5.64542e-07,1.71131e-06
wild_feedback_50_70,1,0.0284425,0.108983,0.000141972,0.0139414,252.036,7.6109e-08,0.033137,0.00102387,457974,0.0600811,12,0.903394,4.82163e-07,0.00350287
wild_feedback_50_70,2,0.0170824,0.191956,0.00146575,0.0192024,718.906,5.2298e-05,0.571613,0.00230725,508491,0.0541209,12,0.957012,-1.49535e-07,0.0324632
wild_feedback_50_90,1,0.0284425,0.108983,0.000141972,0.0139414,252.036,7.6109e-08,0.033137,0.00102387,457974,0.0600811,12,0.903394,4.82163e-07,0.00350287
wild_feedback_50_90,2,0.0170824,0.191956,0.00146575,0.0192024,718.906,5.2298e-05,0.571613,0.00230725,508491,0.0541209,12,0.957012,-1.49535e-07,0.0324632
wild_feedback_75_20,1,0.0284601,0.103437,0.000113413,0.0152297,252.762,1.29556e-07,0.0328066,0.00100868,29827.6,0.0603282,4.4,0.224067,5.00953e-07,1.79105e-08
wild_feedback_75_20,2,0.0130415,0.192195,1.16688e-06,0.0135195,71.8122,8.40971e-05,0.995547,0.000222042,515981,0.0541628,3.8,0.0788218,-5.64987e-07,4.57395e-07
wild_feedback_75_45,1,0.0284436,0.106792,0.00011749,0.0153326,250.539,1.32102e-07,0.033103,0.00099732,438681,0.0601318,5.2,0.344894,4.60461e-07,6.02235e-05
wild_feedback_75_45,2,0.013037,0.19203,2.76698e-06,0.0146868,72.1812,8.61499e-05,0.995216,0.000225837,525538,0.0541338,4.2,0.633632,-5.61434e-07,0.00020062
wild_feedback_75_70,1,0.0284422,0.109066,0.000122097,0.0154552,249.853,1.56234e-07,0.0331813,0.000994412,442592,0.0600566,12,0.71481,4.55828e-07,0.000525413
wild_feedback_75_70,2,0.0134833,0.192027,0.000144569,0.0177189,169.736,8.055e-05,0.931235,0.000747412,512247,0.0541226,12,0.945977,-4.45292e-07,0.00939401
wild_feedback_75_90,1,0.0284422,0.109066,0.000122097,0.0154552,249.853,1.56234e-07,0.0331813,0.000994412,442592,0.0600566,12,0.71481,4.55828e-07,0.000525413
wild_feedback_75_90,2,0.0134833,0.192027,0.000144569,0.0177189,169.736,8.055e-05,0.931235,0.000747412,512247,0.0541226,12,0.945977,-4.45292e-07,0.00939401
wild_feedback_100_20,1,0.0284666,0.104574,0.000109714,0.0241356,253.263,3.75399e-07,0.0328741,0.00101127,350566,0.0602957,4.8,0.263562,4.44271e-07,1.39568e-07
wild_feedback_100_20,2,0.0130552,0.192391,1.90136e-06,0.0232148,71.8853,8.38791e-05,0.995476,0.000222419,611174,0.0541013,3.8,0.106787,-5.64367e-07,4.68871e-07
wild_feedback_100_45,1,0.0284665,0.106774,0.000117007,0.0244972,251.888,3.9171e-07,0.0330631,0.00100475,441032,0.060146,5.2,0.406229,4.21185e-07,2.67812e-05
wild_feedback_100_45,2,0.0130576,0.192445,3.39675e-06,0.0247495,72.1226,8.40565e-05,0.995226,0.000224446,559805,0.0540768,4.2,0.286148,-5.6315e-07,2.67642e-05
wild_feedback_100_70,1,0.0284665,0.106774,0.000117007,0.0244972,251.888,3.9171e-07,0.0330631,0.00100475,441032,0.060146,5.2,0.406229,4.21185e-07,2.67812e-05
wild_feedback_100_70,2,0.0130576,0.192445,3.39675e-06,0.0247495,72.1226,8.40565e-05,0.995226,0.000224446,559805,0.0540768,4.2,0.286148,-5.6315e-07,2.67642e-05
wild_feedback_100_90,1,0.0284665,0.106774,0.000117007,0.0244972,251.888,3.9171e-07,0.0330631,0.00100475,441032,0.060146,5.2,0.406229,4.21185e-07,2.67812e-05
wild_feedback_100_90,2,0.0130576,0.192445,3.39675e-06,0.0247495,72.1226,8.40565e-05,0.995226,0.000224446,559805,0.0540768,4.2,0.286148,-5.6315e-07,2.67642e-05
bloom_shimmer_0_0_0.3,1,0.0284634,0.103225,0.000114711,0.0136087,254.438,1.8087e-08,0.0324356,0.00101632,31.7627,0.060547,4.3,0.176391,5.36658e-07,1.81608e-08
bloom_shimmer_0_0_0.3,2,0.0130527,0.192321,6.21086e-07,0.0112125,71.7506,8.37896e-05,0.995615,0.000221569,24385,0.0541824,3.4,0.0583241,-5.65399e-07,4.57279e-07
bloom_shimmer_0_0_0.75,1,0.0284634,0.103225,0.000114711,0.0136087,254.438,1.8087e-08,0.0324356,0.00101632,31.7627,0.060547,4.3,0.176391,5.36658e-07,1.81608e-08
bloom_shimmer_0_0_0.75,2,0.0130527,0.192321,6.21086e-07,0.0112125,71.7506,8.37896e-05,0.995615,0.000221569,24385,0.0541824,3.4,0.0583241,-5.65399e-07,4.57279e-07
bloom_shimmer_0_25_0.3,1,0.0284809,0.102852,0.00012409,0.0140329,256.107,1.99017e-08,0.0321706,0.00102494,15.2463,0.0605913,4.2,0.156764,5.57519e-07,1.40528e-08
bloom_shimmer_0_25_0.3,2,0.0130281,0.192161,3.63112e-07,0.0112098,71.787,8.45865e-05,0.995513,0.000221791,180.849,0.0542051,3.4,0.0433171,-5.674e-07,4.60324e-07
bloom_shimmer_0_25_0.75,1,0.0285721,0.106176,0.000141596,0.014456,258.533,2.46601e-08,0.0317711,0.0010399,66395.9,0.0606412,4,0.144454,5.83295e-07,1.90543e-08
bloom_shimmer_0_25_0.75,2,0.0130078,0.191969,2.70611e-07,0.0112302,71.8951,8.5972e-05,0.99518,0.000222675,672.618,0.05423,3.4,0.0364259,-5.6831e-07,4.62118e-07
bloom_shimmer_0_50_0.3,1,0.028481,0.102846,0.0001241,0.0140326,256.105,1.98941e-08,0.0321711,0.00102494,15.2463,0.0605893,4.2,0.156757,5.57733e-07,1.40526e-08
bloom_shimmer_0_50_0.3,2,0.0130281,0.192155,3.63115e-07,0.0112098,71.787,8.45855e-05,0.995513,0.000221791,180.849,0.0542052,3.4,0.0433171,-5.67442e-07,4.60446e-07
bloom_shimmer_0_50_0.75,1,0.0285723,0.106181,0.000141575,0.0144542,258.529,2.46209e-08,0.0317718,0.00103989,42115.6,0.0606392,4,0.14428,5.83521e-07,1.90661e-08
bloom_shimmer_0_50_0.75,2,0.0130076,0.191961,2.70308e-07,0.0112303,71.8949,8.59722e-05,0.995181,0.000222673,672.618,0.0542301,3.4,0.0363958,-5.68331e-07,4.62167e-07
bloom_shimmer_0_75_0.3,1,0.0284812,0.10284,0.000124109,0.0140323,256.102,1.98865e-08,0.0321716,0.00102494,15.2463,0.0605873,4.2,0.156755,5.57877e-07,1.387e-08
bloom_shimmer_0_75_0.3,2,0.0130281,0.192148,3.63119e-07,0.0112098,71.787,8.45844e-05,0.995513,0.000221791,180.849,0.0542053,3.4,0.0433171,-5.67436e-07,4.60436e-07
bloom_shimmer_0_75_0.75,1,0.0285725,0.106186,0.000141554,0.0144524,258.526,2.45821e-08,0.0317726,0.00103988,42004.9,0.0606372,3.9,0.144069,5.83673e-07,1.89772e-08
bloom_shimmer_0_75_0.75,2,0.0130075,0.191953,2.70008e-07,0.0112305,71.8946,8.59723e-05,0.995182,0.000222671,672.618,0.0542303,3.4,0.0363657,-5.68318e-07,4.62179e-07
bloom_shimmer_25_0_0.3,1,0.0269042,0.0986977,0.000142233,0.0158655,257.842,2.54054e-08,0.0319493,0.000976897,15.2463,0.0577101,4.2,0.158319,5.14518e-07,1.57767e-08
bloom_shimmer_25_0_0.3,2,0.0124926,0.18422,4.16254e-07,0.0124945,71.8969,8.54834e-05,0.995381,0.000213733,195.094,0.0517175,3.4,0.0447338,-5.31371e-07,4.38464e-07
bloom_shimmer_25_0_0.75,1,0.0270251,0.102362,0.000162347,0.0163223,260.755,3.14172e-08,0.0314666,0.000994428,65982.5,0.0577646,4,0.146567,5.38357e-07,2.04227e-08
bloom_shimmer_25_0_0.75,2,0.012468,0.184021,3.10632e-07,0.0125215,72.0275,8.72189e-05,0.994966,0.000214781,696.228,0.051743,3.4,0.037706,-5.32637e-07,4.40894e-07
bloom_shimmer_25_25_0.3,1,0.0269044,0.0986913,0.000142244,0.0158651,257.839,2.53954e-08,0.0319499,0.000976897,15.2463,0.057708,4.2,0.158315,5.14824e-07,1.62013e-08
bloom_shimmer_25_25_0.3,2,0.0124926,0.184213,4.16258e-07,0.0124944,71.8969,8.54823e-05,0.995381,0.000213733,195.094,0.0517176,3.4,0.0447384,-5.31492e-07,4.38799e-07
bloom_shimmer_25_25_0.75,1,0.0270254,0.102367,0.000162322,0.0163202,260.75,3.13664e-08,0.0314675,0.000994417,65933.3,0.0577625,4,0.146417,5.38484e-07,2.03189e-08
bloom_shimmer_25_25_0.75,2,0.0124679,0.184012,3.10281e-07,0.0125217,72.0272,8.72189e-05,0.994966,0.000214779,688.747,0.0517431,3.4,0.0376852,-5.32566e-07,4.40746e-07
bloom_shimmer_25_50_0.3,1,0.0269047,0.098685,0.000142255,0.0158648,257.837,2.53853e-08,0.0319504,0.000976899,15.2463,0.0577059,4.2,0.15831,5.14969e-07,1.60927e-08
bloom_shimmer_25_50_0.3,2,0.0124926,0.184206,4.16262e-07,0.0124944,71.8969,8.54811e-05,0.995381,0.000213733,195.094,0.0517177,3.4,0.0447361,-5.31413e-07,4.38611e-07
bloom_shimmer_25_50_0.75,1,0.0270257,0.102371,0.000162297,0.0163181,260.746,3.13167e-08,0.0314683,0.000994407,54203,0.0577604,4,0.146245,5.38596e-07,2.02422e-08
bloom_shimmer_25_50_0.75,2,0.0124677,0.184004,3.09934e-07,0.0125219,72.0269,8.7219e-05,0.994967,0.000214777,688.747,0.0517432,3.4,0.0376759,-5.32626e-07,4.40948e-07
bloom_shimmer_25_75_0.3,1,0.026905,0.0986787,0.000142266,0.0158644,257.835,2.53757e-08,0.0319509,0.000976902,15.2463,0.0577038,4.2,0.158317,5.15015e-07,1.58073e-08
bloom_shimmer_25_75_0.3,2,0.0124927,0.184199,4.16266e-07,0.0124944,71.8969,8.548e-05,0.995381,0.000213734,195.094,0.0517177,3.4,0.0447338,-5.31332e-07,4.38465e-07
bloom_shimmer_25_75_0.75,1,0.027026,0.102376,0.000162274,0.0163161,260.742,3.12681e-08,0.0314691,0.000994401,41706.8,0.0577584,4,0.146065,5.38684e-07,2.01547e-08
bloom_shimmer_25_75_0.75,2,0.0124676,0.183995,3.09593e-07,0.0125221,72.0266,8.72191e-05,0.994968,0.000214774,688.747,0.0517433,3.4,0.0376366,-5.32576e-07,4.40847e-07
bloom_shimmer_50_0_0.3,1,0.0254062,0.0954593,0.000151835,0.0171344,257.916,3.11945e-08,0.0319761,0.000923597,26139.5,0.054778,4.3,0.185322,4.46169e-07,2.02749e-08
bloom_shimmer_50_0_0.3,2,0.0119496,0.176048,6.38427e-07,0.0137977,72.0519,8.65942e-05,0.995183,0.000205827,224651,0.0492481,3.4,0.0550625,-4.95806e-07,4.17981e-07
bloom_shimmer_50_0_0.75,1,0.0255426,0.0988264,0.000175404,0.017804,261.823,4.29284e-08,0.0313426,0.000945388,217521,0.0548482,4.3,0.168729,4.6961e-07,1.64502e-08
bloom_shimmer_50_0_0.75,2,0.0119283,0.175941,4.3782e-07,0.0137885,72.2104,8.86878e-05,0.994648,0.000207117,17701.5,0.0492675,3.4,0.0460718,-4.96993e-07,4.18786e-07
bloom_shimmer_50_25_0.3,1,0.0254064,0.0954519,0.000151844,0.017134,257.913,3.11798e-08,0.0319767,0.000923592,26139.5,0.0547758,4.3,0.185317,4.46301e-07,2.03489e-08
bloom_shimmer_50_25_0.3,2,0.0119497,0.17604,6.38436e-07,0.0137977,72.0519,8.65931e-05,0.995183,0.000205827,218923,0.0492482,3.4,0.0550625,-4.95696e-07,4.17548e-07
bloom_shimmer_50_25_0.75,1,0.0255427,0.0988327,0.000175342,0.0178001,261.815,4.26817e-08,0.031344,0.000945346,217832,0.054846,4.3,0.168456,4.69874e-07,1.70322e-08
bloom_shimmer_50_25_0.75,2,0.0119281,0.175931,4.37159e-07,0.0137888,72.2098,8.86875e-05,0.99465,0.000207112,17701.5,0.0492676,3.4,0.0460347,-4.96975e-07,4.18795e-07
bloom_shimmer_50_50_0.3,1,0.0254066,0.0954444,0.000151853,0.0171335,257.91,3.11653e-08,0.0319774,0.000923589,26139.5,0.0547736,4.3,0.185303,4.46369e-07,2.01951e-08
bloom_shimmer_50_50_0.3,2,0.0119497,0.176032,6.38444e-07,0.0137976,72.0519,8.65918e-05,0.995183,0.000205827,218923,0.0492483,3.4,0.0550625,-4.95781e-07,4.17982e-07
bloom_shimmer_50_50_0.75,1,0.0255428,0.098839,0.000175282,0.0177962,261.807,4.2444e-08,0.0313454,0.000945308,218135,0.0548438,4.3,0.168208,4.6997e-07,1.69706e-08
bloom_shimmer_50_50_0.75,2,0.0119278,0.175921,4.36509e-07,0.0137892,72.2092,8.86872e-05,0.994652,0.000207107,17701.5,0.0492678,3.4,0.0459861,-4.96943e-07,4.18777e-07
bloom_shimmer_50_75_0.3,1,0.0254068,0.0954369,0.000151861,0.017133,257.908,3.11508e-08,0.0319779,0.000923589,26139.5,0.0547714,4.3,0.185312,4.46399e-07,1.99981e-08
bloom_shimmer_50_75_0.3,2,0.0119497,0.176024,6.38452e-07,0.0137976,72.0519,8.65906e-05,0.995183,0.000205828,218923,0.0492484,3.4,0.0550602,-4.95782e-07,4.17984e-07
bloom_shimmer_50_75_0.75,1,0.0255429,0.0988453,0.000175223,0.0177923,261.799,4.22145e-08,0.0313467,0.000945272,202478,0.0548417,4.3,0.167954,4.70106e-07,1.70584e-08
bloom_shimmer_50_75_0.75,2,0.0119276,0.175911,4.3587e-07,0.0137895,72.2085,8.8687e-05,0.994654,0.000207102,17701.5,0.0492679,3.4,0.0459907,-4.96913e-07,4.18788e-07
bloom_shimmer_75_0_0.3,1,0.0239403,0.0924724,0.000162943,0.0184564,258.118,3.77518e-08,0.0319843,0.000871871,208199,0.0518544,4.4,0.210058,3.78486e-07,1.9899e-08
bloom_shimmer_75_0_0.3,2,0.011412,0.167793,9.28259e-07,0.0151361,72.2561,8.77278e-05,0.994928,0.000198069,566765,0.0467774,3.8,0.0649606,-4.60074e-07,3.95342e-07
bloom_shimmer_75_0_0.75,1,0.024097,0.0951048,0.000189574,0.0193277,263.074,6.64438e-08,0.0311943,0.000897975,316265,0.0519375,4.3,0.189887,4.03236e-07,1.8285e-08
bloom_shimmer_75_0_0.75,2,0.0113911,0.167754,5.97745e-07,0.0150723,72.4423,9.03017e-05,0.99425,0.000199583,78878,0.0467912,3.4,0.0536991,-4.62043e-07,3.96905e-07
bloom_shimmer_75_25_0.3,1,0.0239404,0.0924649,0.000162949,0.0184558,258.114,3.77321e-08,0.031985,0.000871863,208199,0.0518521,4.4,0.210086,3.78568e-07,2.02075e-08
bloom_shimmer_75_25_0.3,2,0.0114121,0.167784,9.28274e-07,0.0151361,72.2561,8.77266e-05,0.994928,0.000198069,566765,0.0467774,3.8,0.064963,-4.60084e-07,3.95288e-07
bloom_shimmer_75_25_0.75,1,0.0240968,0.0951125,0.000189471,0.0193213,263.059,6.54201e-08,0.0311964,0.000897892,310596,0.0519353,4.3,0.189597,4.03246e-07,1.8193e-08
bloom_shimmer_75_25_0.75,2,0.0113908,0.167743,5.96677e-07,0.0150728,72.4411,9.03003e-05,0.994253,0.000199575,78878,0.0467914,3.4,0.0536134,-4.62053e-07,3.96962e-07
bloom_shimmer_75_50_0.3,1,0.0239406,0.0924574,0.000162955,0.0184552,258.111,3.77127e-08,0.0319857,0.000871858,208199,0.0518498,4.4,0.210102,3.78633e-07,2.01669e-08
bloom_shimmer_75_50_0.3,2,0.0114121,0.167775,9.28289e-07,0.015136,72.2561,8.77254e-05,0.994928,0.00019807,566765,0.0467775,3.8,0.0649653,-4.60099e-07,3.95373e-07
bloom_shimmer_75_50_0.75,1,0.0240967,0.0951202,0.00018937,0.0193151,263.046,6.44409e-08,0.0311984,0.000897813,306154,0.051933,4.3,0.189227,4.03197e-07,1.79563e-08
bloom_shimmer_75_50_0.75,2,0.0113906,0.167731,5.95628e-07,0.0150733,72.44,9.0299e-05,0.994256,0.000199567,78861.7,0.0467916,3.4,0.0535278,-4.62022e-07,3.96888e-07
bloom_shimmer_75_75_0.3,1,0.0239408,0.0924499,0.000162961,0.0184546,258.109,3.76935e-08,0.0319863,0.000871856,208199,0.0518476,4.4,0.210079,3.78716e-07,2.03467e-08
bloom_shimmer_75_75_0.3,2,0.0114121,0.167767,9.28304e-07,0.0151359,72.2561,8.77241e-05,0.994928,0.00019807,566765,0.0467776,3.8,0.0649699,-4.60082e-07,3.95313e-07
bloom_shimmer_75_75_0.75,1,0.0240966,0.0951278,0.00018927,0.0193089,263.033,6.35037e-08,0.0312003,0.000897739,300465,0.0519308,4.3,0.188912,4.03371e-07,1.83432e-08
bloom_shimmer_75_75_0.75,2,0.0113903,0.16772,5.94598e-07,0.0150738,72.4388,9.02976e-05,0.99426,0.000199558,78861.7,0.0467917,3.4,0.0534352,-4.62018e-07,3.96945e-07
bloom_shimmer_100_0_0.3,1,0.0227222,0.0893983,0.000181361,0.020053,259.442,4.50631e-08,0.0318221,0.000833223,288473,0.049446,4.7,0.218493,3.31026e-07,2.43191e-08
bloom_shimmer_100_0_0.3,2,0.0109898,0.161048,1.11097e-06,0.0164425,72.476,8.87983e-05,0.994674,0.000192102,595174,0.0447339,3.8,0.0692616,-4.30726e-07,3.74263e-07
bloom_shimmer_100_0_0.75,1,0.0229108,0.0918529,0.000211229,0.0209978,265.165,8.57993e-08,0.0309107,0.000862476,369920,0.0495352,4.4,0.196398,3.52615e-07,1.86811e-08
bloom_shimmer_100_0_0.75,2,0.0109639,0.16102,7.05961e-07,0.0163545,72.692,9.19624e-05,0.993847,0.000193824,105292,0.0447459,3.4,0.0567778,-4.33051e-07,3.78081e-07
bloom_shimmer_100_25_0.3,1,0.0227224,0.0893905,0.000181366,0.0200523,259.439,4.50394e-08,0.0318228,0.000833218,288473,0.0494437,4.7,0.218516,3.31073e-07,2.4409e-08
bloom_shimmer_100_25_0.3,2,0.0109898,0.161039,1.11099e-06,0.0164424,72.476,8.87971e-05,0.994674,0.000192102,595174,0.044734,3.8,0.06925,-4.30717e-07,3.74273e-07
bloom_shimmer_100_25_0.75,1,0.0229106,0.0918611,0.000211104,0.0209903,265.148,8.42204e-08,0.0309131,0.000862376,354575,0.0495329,4.4,0.196046,3.52612e-07,1.87769e-08
bloom_shimmer_100_25_0.75,2,0.0109636,0.161009,7.04668e-07,0.0163552,72.6904,9.19602e-05,0.993851,0.000193814,105981,0.0447461,3.4,0.0566505,-4.33039e-07,3.78128e-07
bloom_shimmer_100_50_0.3,1,0.0227226,0.0893828,0.000181372,0.0200516,259.436,4.50161e-08,0.0318235,0.000833217,288473,0.0494414,4.7,0.218516,3.31116e-07,2.44409e-08
bloom_shimmer_100_50_0.3,2,0.0109898,0.161031,1.11101e-06,0.0164424,72.476,8.87958e-05,0.994674,0.000192102,595174,0.0447341,3.8,0.0692523,-4.30717e-07,3.74283e-07
bloom_shimmer_100_50_0.75,1,0.0229104,0.0918693,0.000210981,0.020983,265.131,8.27122e-08,0.0309155,0.000862281,342143,0.0495307,4.3,0.195586,3.52671e-07,1.89752e-08
bloom_shimmer_100_50_0.75,2,0.0109632,0.160998,7.03398e-07,0.0163558,72.6889,9.1958e-05,0.993855,0.000193803,105981,0.0447463,3.4,0.056588,-4.33025e-07,3.78149e-07
bloom_shimmer_100_75_0.3,1,0.0227228,0.0893751,0.000181378,0.0200509,259.434,4.49932e-08,0.0318241,0.000833218,293217,0.0494391,4.7,0.218535,3.3111e-07,2.43965e-08
bloom_shimmer_100_75_0.3,2,0.0109899,0.161022,1.11103e-06,0.0164423,72.476,8.87945e-05,0.994674,0.000192103,595174,0.0447341,3.8,0.0692523,-4.30699e-07,3.74254e-07
bloom_shimmer_100_75_0.75,1,0.0229103,0.0918774,0.00021086,0.0209757,265.116,8.12709e-08,0.0309178,0.00086219,332754,0.0495284,4.3,0.195215,3.52665e-07,1.90333e-08
bloom_shimmer_100_75_0.75,2,0.0109629,0.160986,7.02151e-07,0.0163565,72.6874,9.19557e-05,0.99386,0.000193793,105981,0.0447465,3.4,0.0564977,-4.33018e-07,3.78227e-07
wild_freeze_0_0,1,0.0324325,0.126937,0.00197976,0.024722,250.342,2.46363e-08,0.0336905,0.00113369,13.3432,0.060547,12,0.999919,7.21538e-07,0.014403
wild_freeze_0_0,2,0.0135235,0.192321,0.000143123,0.018989,72.3494,7.68339e-05,0.995351,0.000223987,148.583,0.0541824,12,0.822847,-5.65738e-07,0.00359478
wild_freeze_0_1,1,0.0325217,0.126909,0.00198081,0.0245529,250.075,2.45478e-08,0.0337191,0.00113526,13.3432,0.0604834,12,0.999812,7.377e-07,0.0143449
wild_freeze_0_1,2,0.0135193,0.192266,0.00014321,0.0190261,72.3523,7.68826e-05,0.99535,0.000223973,133.724,0.0541728,12,0.848086,-5.7436e-07,0.00359608
wild_freeze_25_0,1,0.0322561,0.126587,0.00186176,0.0246098,249.913,3.41598e-08,0.033711,0.00112511,9.60039,0.0603619,12,0.999725,6.86836e-07,0.0139833
wild_freeze_25_0,2,0.0135576,0.192203,0.000156311,0.0200317,72.5035,7.6578e-05,0.995185,0.000224899,163.401,0.0541672,12,0.88472,-5.67282e-07,0.0037642
wild_freeze_25_1,1,0.0323435,0.126525,0.00186299,0.0244561,249.631,3.39939e-08,0.033744,0.00112654,15.3885,0.0602955,12,0.999694,7.0063e-07,0.013932
wild_freeze_25_1,2,0.0135525,0.192135,0.000156413,0.0200716,72.5062,7.6636e-05,0.995184,0.00022488,159.756,0.0541573,12,0.894051,-5.76681e-07,0.00376561
wild_freeze_50_0,1,0.0320984,0.126372,0.00175218,0.0246088,249.461,7.28368e-08,0.0337301,0.00111717,13.5101,0.0602689,12,0.999748,6.74958e-07,0.0135613
wild_freeze_50_0,2,0.0136046,0.192078,0.000172882,0.0213355,72.7388,7.61496e-05,0.99491,0.000226305,189.74,0.0541493,12,0.928111,-5.70083e-07,0.00396888
wild_freeze_50_1,1,0.032184,0.126225,0.00175355,0.0244704,249.167,7.25759e-08,0.0337631,0.00111847,13.5101,0.060199,12,0.999734,6.8584e-07,0.0135183
wild_freeze_50_1,2,0.0135985,0.191991,0.000173004,0.0213797,72.7413,7.6216e-05,0.994909,0.000226281,191.688,0.0541391,12,0.932852,-5.80155e-07,0.00397032
wild_freeze_75_0,1,0.0319266,0.126758,0.00162785,0.0270756,249.138,1.30875e-07,0.033808,0.00110958,13.5101,0.0601318,12,0.999646,6.56079e-07,0.0130612
wild_freeze_75_0,2,0.0136813,0.19203,0.000196386,0.0256318,73.1505,7.69884e-05,0.994471,0.000229597,240.928,0.0541338,12,0.973903,-5.72424e-07,0.00425155
wild_freeze_75_1,1,0.0320118,0.126597,0.00162948,0.0269293,248.831,1.30385e-07,0.0338383,0.00111079,13.5101,0.0600577,12,0.999715,6.66726e-07,0.0130251
wild_freeze_75_1,2,0.0136742,0.191925,0.000196541,0.0256817,73.1532,7.70713e-05,0.994469,0.00022957,228.489,0.0541229,12,0.971389,-5.83615e-07,0.00425296
wild_freeze_100_0,1,0.0320604,0.1233,0.00166538,0.0431312,250.805,3.80178e-07,0.0336453,0.00112379,13.3432,0.060146,12,0.999873,4.65039e-07,0.0132037
wild_freeze_100_0,2,0.0137663,0.192445,0.000218356,0.043441,73.376,7.45229e-05,0.994251,0.000230554,201.747,0.0540768,12,0.987356,-5.98855e-07,0.00449862
wild_freeze_100_1,1,0.0321533,0.123261,0.00166812,0.0429075,250.481,3.78848e-07,0.033687,0.00112512,13.3432,0.0600607,12,0.999863,4.74898e-07,0.0131789
wild_freeze_100_1,2,0.0137575,0.19232,0.000218572,0.0435049,73.3798,7.4624e-05,0.994247,0.000230527,202.36,0.0540646,12,0.986961,-6.12019e-07,0.00450029
space_width_0_0,1,0.0284608,0.10299,0.000114597,3.02825e-11,254.438,1.8087e-08,0.0324356,0.00101632,31.7627,0.0605452,4.3,0.17525,5.36658e-07,1.81608e-08
space_width_0_0,2,0.0130519,0.192162,6.14028e-07,7.68595e-11,71.7506,8.37896e-05,0.995615,0.000221569,24385,0.0541816,3.4,0.0570208,-5.65399e-07,4.57279e-07
space_width_0_50,1,0.0284626,0.103186,0.000114676,0.0113409,254.438,1.8087e-08,0.0324356,0.00101632,31.7627,0.0605465,4.3,0.176199,5.36658e-07,1.81608e-08
space_width_0_50,2,0.0130525,0.192294,6.1893e-07,0.00934396,71.7506,8.37896e-05,0.995615,0.000221569,24385,0.0541822,3.4,0.0579838,-5.65399e-07,4.57279e-07
space_width_0_100,1,0.0284681,0.103382,0.000114914,0.0226775,254.438,1.8087e-08,0.0324356,0.00101632,31.7627,0.0605504,4.3,0.177345,5.36658e-07,1.81608e-08
space_width_0_100,2,0.0130542,0.192426,6.33635e-07,0.0186855,71.7506,8.37896e-05,0.995615,0.000221569,24385,0.0541837,3.4,0.0603935,-5.65399e-07,4.57279e-07
space_width_50_0,1,0.0359204,0.113043,0.000214245,0.00485465,235.481,1.17345e-08,0.0347859,0.00115001,5.97011,0.0603504,4.4,0.247095,-3.76768e-07,1.00415e-08
space_width_50_0,2,0.0129085,0.190088,4.85353e-06,0.00306171,71.5193,8.49306e-05,0.995478,0.00022029,217.535,0.0544774,3.9,0.0687662,-5.63985e-07,4.64264e-07
space_width_50_50,1,0.0359263,0.114349,0.000214579,0.018722,235.481,1.17344e-08,0.0347859,0.00115001,5.97011,0.0603528,4.4,0.248234,-3.76768e-07,1.00424e-08
space_width_50_50,2,0.0129094,0.190161,4.86141e-06,0.0118087,71.5193,8.49306e-05,0.995478,0.00022029,217.535,0.0544781,3.9,0.0703681,-5.63986e-07,4.64264e-07
space_width_50_100,1,0.0359338,0.115198,0.000215008,0.0277305,235.481,1.17345e-08,0.0347859,0.00115001,5.97011,0.060356,4.4,0.24906,-3.76768e-07,1.00436e-08
space_width_50_100,2,0.0129104,0.190209,4.8715e-06,0.0174929,71.5193,8.49306e-05,0.995478,0.00022029,217.535,0.0544791,3.9,0.0722199,-5.63985e-07,4.64264e-07
space_width_100_0,1,0.0275049,0.101022,0.000256738,0.0109797,264.28,1.61949e-08,0.0312858,0.00103198,13.0196,0.0601704,5.2,0.371597,-4.29965e-07,7.02772e-08
space_width_100_0,2,0.0128118,0.190043,5.57011e-06,0.00513375,71.4088,8.48787e-05,0.995645,0.000219293,3009.53,0.054759,4.7,0.0763102,-5.64308e-07,4.67765e-07
space_width_100_50,1,0.027513,0.101068,0.000257183,0.026657,264.28,1.61949e-08,0.0312858,0.00103198,13.0196,0.0601741,5.2,0.372421,-4.29966e-07,7.03257e-08
space_width_100_50,2,0.0128126,0.19011,5.57791e-06,0.0124669,71.4088,8.48787e-05,0.995645,0.000219293,3009.53,0.0547598,4.7,0.0788981,-5.64308e-07,4.67765e-07
space_width_100_100,1,0.0275168,0.101111,0.000257389,0.0313569,264.28,1.61949e-08,0.0312858,0.00103198,13.0196,0.0601758,5.2,0.372704,-4.29965e-07,7.03481e-08
space_width_100_100,2,0.012813,0.19013,5.58152e-06,0.0146665,71.4088,8.48787e-05,0.995645,0.000219293,3009.53,0.0547602,4.7,0.0800301,-5.64308e-07,4.67765e-07
preset_0,1,0.0288201,0.103426,0.000137598,0.0181097,254.432,1.54581e-08,0.0326787,0.00102836,20.7664,0.0601689,4.1,0.187072,4.93442e-07,9.33003e-09
preset_0,2,0.0122282,0.189455,5.21538e-06,0.0134266,71.4914,9.30698e-05,0.995302,0.00021605,418.812,0.0541369,3.6,0.0437384,-5.73034e-07,4.62783e-07
preset_1,1,0.0284258,0.101846,0.000976874,0.0542321,238.311,6.03976e-08,0.0344019,0.000929749,221529,0.0557552,6.1,0.512824,-1.33138e-06,2.77643e-06
preset_1,2,0.0120894,0.181016,2.26308e-05,0.0258028,72.0687,9.0237e-05,0.994884,0.000214548,252769,0.051175,4.6,0.134475,-4.91937e-07,5.10411e-07
preset_2,1,0.0269793,0.0991419,0.000395744,0.0404517,241.048,1.9695e-09,0.0340933,0.000897333,265.869,0.0566745,5.3,0.336248,-1.33273e-06,2.35425e-08
preset_2,2,0.0123231,0.180479,6.74125e-06,0.0187173,71.7094,8.45461e-05,0.995477,0.000211397,86897.1,0.0514486,4.1,0.101921,-5.25771e-07,4.37724e-07
preset_3,1,0.0349954,0.145132,0.00151691,0.0457869,251.961,1.45485e-07,0.0327997,0.00123872,5272.58,0.0556699,8.1,0.778593,-2.18308e-06,5.8024e-05
preset_3,2,0.0122418,0.180354,1.56363e-05,0.0200378,71.9043,8.75397e-05,0.995011,0.000213763,445444,0.0513849,5.1,0.219694,-5.10153e-07,6.37888e-06
preset_4,1,0.0292942,0.100999,0.000504375,0.0422823,253.602,2.29246e-07,0.0326242,0.0010417,728.461,0.0573677,9.3,0.889164,1.23035e-08,0.000140898
preset_4,2,0.012608,0.184992,1.89111e-05,0.0280311,71.6996,8.59274e-05,0.995173,0.000218085,394329,0.0527668,5.7,0.263863,-5.19446e-07,2.69123e-05
preset_5,1,0.0362466,0.173259,0.00468025,0.0783152,259.162,1.64926e-07,0.0320998,0.00133305,1188.36,0.0490163,12,0.992778,-2.42794e-06,0.000989631
preset_5,2,0.0118851,0.179477,9.34335e-05,0.0412335,74.0685,9.67653e-05,0.990805,0.000221437,80343.5,0.047124,10.6,0.393414,-4.39973e-07,0.000101314
preset_6,1,0.0386,0.197039,0.00796253,0.152599,262.711,5.72582e-08,0.0316091,0.00143104,3115.62,0.0395746,12,0.996458,-3.49442e-06,0.00113199
preset_6,2,0.0107986,0.16566,0.000151875,0.115919,77.2455,0.000117856,0.985922,0.000222987,116368,0.0396139,10.6,0.494882,-3.4605e-07,0.000121644
preset_7,1,0.0302139,0.107939,0.000486085,0.0432456,248.45,3.50805e-08,0.0341927,0.00106144,26572.5,0.0525559,5.8,0.390083,-6.19598e-08,1.53084e-07
preset_7,2,0.011729,0.173562,8.48057e-06,0.0323499,71.9806,8.63684e-05,0.994763,0.000204659,227755,0.0483941,4.4,0.120049,-4.75632e-07,4.10729e-07
preset_8,1,0.0405292,0.149477,0.000488499,0.0302019,239.094,2.03147e-07,0.0340712,0.00132578,276.101,0.0605248,5.5,0.366199,-1.32872e-06,5.97903e-08
preset_8,2,0.0132135,0.19365,7.27414e-06,0.0148575,71.6767,8.6426e-05,0.995271,0.000228554,66627.5,0.0554758,3.9,0.0989907,-5.48695e-07,4.70231e-07
preset_9,1,0.0442696,0.175345,0.000417418,0.03804,250.802,6.36748e-10,0.0328171,0.00155186,29145.1,0.058373,4,0.160039,-3.60982e-06,1.90148e-08
preset_9,2,0.0130521,0.191476,1.14154e-06,0.019684,72.1354,8.64203e-05,0.99441,0.000225592,333335,0.0532212,3.3,0.0487523,-5.2836e-07,4.5149e-07
preset_10,1,0.0337121,0.160658,0.00476246,0.097962,252.385,3.94774e-07,0.0330045,0.00119101,11.4787,0.0374813,10.4,0.958345,-2.81605e-06,0.000372119
preset_10,2,0.00934457,0.13471,5.88627e-05,0.0628606,74.355,0.00010688,0.991071,0.000191385,307310,0.0371064,8.1,0.343722,-3.22232e-07,3.02442e-05
preset_11,1,0.0303379,0.142628,0.0025617,0.105265,258.487,1.28598e-06,0.0363112,0.00111045,53.9153,0.0453858,11.4,0.991847,-1.33931e-06,0.000660499
preset_11,2,0.0108026,0.1595,3.95123e-05,0.0456415,73.073,9.91517e-05,0.993347,0.000200496,6712.86,0.0441714,8.6,0.359303,-4.00434e-07,5.29994e-05
preset_12,1,0.0401862,0.144701,7.00617e-05,0.0141863,253.005,3.85513e-10,0.0324724,0.00142494,5.54807,0.0637922,3.6,0.0756019,-2.44922e-06,7.27162e-09
preset_12,2,0.013775,0.20138,1.91409e-08,0.00586496,71.4748,8.35963e-05,0.995682,0.00023411,540.117,0.058386,2.8,0.0121134,-6.12573e-07,4.97023e-07
