source,wild,m9_to_m91_relative_delta,m9_adjacent_delta,m91_adjacent_delta
0,0,0.0,0,0
0,50,0.005514636718079801,0.11635666937159,0.11615288299049871
0,75,0.0009244164431853923,0.3522087474832841,0.35198940234103515
0,100,0.0010320068576776754,0.2959321939717639,0.29558581990381927
1,0,0.0,0,0
1,50,0.002025975334619801,0.011957873911023802,0.01178119337338309
1,75,0.0042863590661078275,0.018999426278719228,0.018966526426492526
1,100,0.003630277377968585,0.04242539674956453,0.04240954050444478
2,0,0.0,0,0
2,50,0.0007688445661344591,0.004818198192473196,0.004528893551010216
2,75,0.0016378500737183191,0.005314545640072145,0.005395824394761032
2,100,0.0009064147740540688,0.013901993016333025,0.013933650082601267
3,0,0.0,0,0
3,50,0.001335908777064823,0.007072621636247158,0.006572804865425855
3,75,0.0019369355823563735,0.00852149837679984,0.008468523222682855
3,100,0.0024450370792055355,0.02412960004107397,0.024122144183679934
4,0,0.0,0,0
4,50,0.0014943525761596124,0.008314708728852796,0.008144453215188802
4,75,0.0013166127957704326,0.013312895330604327,0.013279171122181365
4,100,0.001355507894700265,0.031158507990023943,0.03110882600761588
