macro,target,manual_fraction,manual,value@0,value@25,value@50,value@75,value@100
space,timeMs,-1,420,420,531.855,673.498,852.865,1080
space,timeMs,0,10,10,121.855,263.498,442.865,670
space,timeMs,0.25,507.5,507.5,619.355,760.998,940.365,1167.5
space,timeMs,0.5,1005,1005,1116.85,1258.5,1437.86,1665
space,timeMs,0.75,1502.5,1502.5,1614.35,1756,1935.36,2000
space,timeMs,1,2000,2000,2000,2000,2000,2000
space,lowCutHz,-1,80,80,92.0131,105.83,121.722,140
space,lowCutHz,0,20,20,32.0131,45.83,61.7218,80
space,lowCutHz,0.25,265,265,277.013,290.83,306.722,325
space,lowCutHz,0.5,510,510,522.013,535.83,551.722,570
space,lowCutHz,0.75,755,755,767.013,780.83,796.722,815
space,lowCutHz,1,1000,1000,1000,1000,1000,1000
space,highCutHz,-1,9000,9000,7846.62,6841.05,5964.35,5200
space,highCutHz,0,1000,1000,1000,1000,1000,1000
space,highCutHz,0.25,5250,5250,4096.62,3091.05,2214.35,1450
space,highCutHz,0.5,9500,9500,8346.62,7341.05,6464.35,5700
space,highCutHz,0.75,13750,13750,12596.6,11591.1,10714.4,9950
space,highCutHz,1,18000,18000,16846.6,15841.1,14964.4,14200
space,diffusion,-1,0.4,0.4,0.495,0.59,0.685,0.78
space,diffusion,0,0,2.60382e-15,0.095,0.19,0.285,0.38
space,diffusion,0.25,0.25,0.25,0.345,0.44,0.535,0.63
space,diffusion,0.5,0.5,0.5,0.595,0.69,0.785,0.88
space,diffusion,0.75,0.75,0.75,0.845,0.94,1,1
space,diffusion,1,1,1,1,1,1,1
space,shimmerAmount,-1,0,1.06824e-15,0.08,0.16,0.24,0.32
space,shimmerAmount,0,0,1.06824e-15,0.08,0.16,0.24,0.32
space,shimmerAmount,0.25,0.25,0.25,0.33,0.41,0.49,0.57
space,shimmerAmount,0.5,0.5,0.5,0.58,0.66,0.74,0.82
space,shimmerAmount,0.75,0.75,0.75,0.83,0.91,0.99,1
space,shimmerAmount,1,1,1,1,1,1,1
space,wetWidth,-1,0.6,0.6,0.6875,0.775,0.8625,0.95
space,wetWidth,0,0,3.17132e-15,0.0875,0.175,0.2625,0.35
space,wetWidth,0.25,0.25,0.25,0.3375,0.425,0.5125,0.6
space,wetWidth,0.5,0.5,0.5,0.5875,0.675,0.7625,0.85
space,wetWidth,0.75,0.75,0.75,0.8375,0.925,1,1
space,wetWidth,1,1,1,1,1,1,1
wild,feedback,-1,0.45,0.45,0.6,0.75,0.9,1.05
wild,feedback,0,0,3.50515e-15,0.15,0.3,0.45,0.6
wild,feedback,0.25,0.2625,0.2625,0.4125,0.5625,0.7125,0.8625
wild,feedback,0.5,0.525,0.525,0.675,0.825,0.975,1.05
wild,feedback,0.75,0.7875,0.7875,0.9375,1,1.025,1.05
wild,feedback,1,1.05,0.95,0.975,1,1.025,1.05
wild,chaos,-1,0,2.8375e-15,0.053125,0.2125,0.478125,0.85
wild,chaos,0,0,2.8375e-15,0.053125,0.2125,0.478125,0.85
wild,chaos,0.25,0.25,0.25,0.303125,0.4625,0.728125,1
wild,chaos,0.5,0.5,0.5,0.553125,0.7125,0.978125,1
wild,chaos,0.75,0.75,0.75,0.803125,0.9625,1,1
wild,chaos,1,1,1,1,1,1,1
wild,wobble,-1,0.1,0.1,0.146875,0.2875,0.521875,0.85
wild,wobble,0,0,2.8375e-15,0.046875,0.1875,0.421875,0.75
wild,wobble,0.25,0.25,0.25,0.296875,0.4375,0.671875,1
wild,wobble,0.5,0.5,0.5,0.546875,0.6875,0.921875,1
wild,wobble,0.75,0.75,0.75,0.796875,0.9375,1,1
wild,wobble,1,1,1,1,1,1,1
wild,modRateHz,-1,0.15,0.15,0.252269,0.424264,0.713524,1.2
wild,modRateHz,0,0.02,0.02,0.122269,0.294264,0.583524,1.07
wild,modRateHz,0.25,0.515,0.515,0.617269,0.789264,1.07852,1.565
wild,modRateHz,0.5,1.01,1.01,1.11227,1.28426,1.57352,2
wild,modRateHz,0.75,1.505,1.505,1.60727,1.77926,2,2
wild,modRateHz,1,2,2,2,2,2,2
wild,modDepth,-1,0.1,0.1,0.146875,0.2875,0.521875,0.85
wild,modDepth,0,0,2.8375e-15,0.046875,0.1875,0.421875,0.75
wild,modDepth,0.25,0.25,0.25,0.296875,0.4375,0.671875,1
wild,modDepth,0.5,0.5,0.5,0.546875,0.6875,0.921875,1
wild,modDepth,0.75,0.75,0.75,0.796875,0.9375,1,1
wild,modDepth,1,1,1,1,1,1,1
bloom,highCutHz,-1,9000,9000,10051.1,11225,12535.9,14000
bloom,highCutHz,0,1000,1000,2051.11,3224.97,4535.93,6000
bloom,highCutHz,0.25,5250,5250,6301.11,7474.97,8785.93,10250
bloom,highCutHz,0.5,9500,9500,10551.1,11725,13035.9,14500
bloom,highCutHz,0.75,13750,13750,14801.1,15975,17285.9,18000
bloom,highCutHz,1,18000,18000,18000,18000,18000,18000
bloom,duckAmount,-1,0.1,0.1,0.125312,0.20125,0.327812,0.505
bloom,duckAmount,0,0,1.68581e-15,0.028125,0.1125,0.253125,0.45
bloom,duckAmount,0.25,0.25,0.25,0.271094,0.334375,0.439844,0.5875
bloom,duckAmount,0.5,0.5,0.5,0.514062,0.55625,0.626562,0.725
bloom,duckAmount,0.75,0.75,0.75,0.757031,0.778125,0.813281,0.8625
bloom,duckAmount,1,1,1,1,1,1,1
bloom,shimmerAmount,-1,0,6.00883e-16,0.045,0.09,0.135,0.18
bloom,shimmerAmount,0,0,6.00883e-16,0.045,0.09,0.135,0.18
bloom,shimmerAmount,0.25,0.25,0.25,0.295,0.34,0.385,0.43
bloom,shimmerAmount,0.5,0.5,0.5,0.545,0.59,0.635,0.68
bloom,shimmerAmount,0.75,0.75,0.75,0.795,0.84,0.885,0.93
bloom,shimmerAmount,1,1,1,1,1,1,1
bloom,mix,-1,0.35,0.35,0.3925,0.435,0.4775,0.52
bloom,mix,0,0,1.73588e-15,0.0425,0.085,0.1275,0.17
bloom,mix,0.25,0.25,0.25,0.2925,0.335,0.3775,0.42
bloom,mix,0.5,0.5,0.5,0.5425,0.585,0.6275,0.67
bloom,mix,0.75,0.75,0.75,0.7925,0.835,0.8775,0.92
bloom,mix,1,1,1,1,1,1,1
