bloom,manual_duck,effective_duck
0,0,1.68581e-15
0,0.1,0.1
0,0.2,0.2
0,0.3,0.3
0,0.4,0.4
0,0.5,0.5
0,0.6,0.6
0,0.7,0.7
0,0.8,0.8
0,0.9,0.9
0,1,1
0.1,0,0.0045
0.1,0.1,0.10405
0.1,0.2,0.2036
0.1,0.3,0.30315
0.1,0.4,0.4027
0.1,0.5,0.50225
0.1,0.6,0.6018
0.1,0.7,0.70135
0.1,0.8,0.8009
0.1,0.9,0.90045
0.1,1,1
0.2,0,0.018
0.2,0.1,0.1162
0.2,0.2,0.2144
0.2,0.3,0.3126
0.2,0.4,0.4108
0.2,0.5,0.509
0.2,0.6,0.6072
0.2,0.7,0.7054
0.2,0.8,0.8036
0.2,0.9,0.9018
0.2,1,1
0.3,0,0.0405
0.3,0.1,0.13645
0.3,0.2,0.2324
0.3,0.3,0.32835
0.3,0.4,0.4243
0.3,0.5,0.52025
0.3,0.6,0.6162
0.3,0.7,0.71215
0.3,0.8,0.8081
0.3,0.9,0.90405
0.3,1,1
0.4,0,0.072
0.4,0.1,0.1648
0.4,0.2,0.2576
0.4,0.3,0.3504
0.4,0.4,0.4432
0.4,0.5,0.536
0.4,0.6,0.6288
0.4,0.7,0.7216
0.4,0.8,0.8144
0.4,0.9,0.9072
0.4,1,1
0.5,0,0.1125
0.5,0.1,0.20125
0.5,0.2,0.29
0.5,0.3,0.37875
0.5,0.4,0.4675
0.5,0.5,0.55625
0.5,0.6,0.645
0.5,0.7,0.73375
0.5,0.8,0.8225
0.5,0.9,0.91125
0.5,1,1
0.6,0,0.162
0.6,0.1,0.2458
0.6,0.2,0.3296
0.6,0.3,0.4134
0.6,0.4,0.4972
0.6,0.5,0.581
0.6,0.6,0.6648
0.6,0.7,0.7486
0.6,0.8,0.8324
0.6,0.9,0.9162
0.6,1,1
0.7,0,0.2205
0.7,0.1,0.29845
0.7,0.2,0.3764
0.7,0.3,0.45435
0.7,0.4,0.5323
0.7,0.5,0.61025
0.7,0.6,0.6882
0.7,0.7,0.76615
0.7,0.8,0.8441
0.7,0.9,0.92205
0.7,1,1
0.8,0,0.288
0.8,0.1,0.3592
0.8,0.2,0.4304
0.8,0.3,0.5016
0.8,0.4,0.5728
0.8,0.5,0.644
0.8,0.6,0.7152
0.8,0.7,0.7864
0.8,0.8,0.8576
0.8,0.9,0.9288
0.8,1,1
0.9,0,0.3645
0.9,0.1,0.42805
0.9,0.2,0.4916
0.9,0.3,0.55515
0.9,0.4,0.6187
0.9,0.5,0.68225
0.9,0.6,0.7458
0.9,0.7,0.80935
0.9,0.8,0.8729
0.9,0.9,0.93645
0.9,1,1
1,0,0.45
1,0.1,0.505
1,0.2,0.56
1,0.3,0.615
1,0.4,0.67
1,0.5,0.725
1,0.6,0.78
1,0.7,0.835
1,0.8,0.89
1,0.9,0.945
1,1,1
