case,source,max_tail_sample_step,max_one_second_dc,rms_3_5s,centroid_3_5s,hf_3_5s,rms_10_12s,centroid_10_12s,hf_10_12s
wild_freeze_0_0,1,0.0016095638275146484,2.0550936460494996e-05,0.015052129767332202,254.5360676187628,1.4090740722338368e-07,0.014606632345205385,253.63421772709705,7.205570444256039e-08
wild_freeze_0_0,2,0.0011228322982788086,3.194699063897133e-05,0.00421550279899803,82.115649343709,2.7863315683620474e-06,0.0036694762600320238,82.19221234232805,2.33220627175545e-06
wild_freeze_0_1,1,0.0016329288482666016,2.0433615893125534e-05,0.01509679149673721,254.97141755037734,1.3961196371897072e-07,0.014574467256681654,253.47637044600498,7.314966605180255e-08
wild_freeze_0_1,2,0.00112229585647583,3.1938233723243075e-05,0.004217244684535776,82.10502788982006,2.8302719032620937e-06,0.0036700906409588853,82.18339587320521,2.366993698670582e-06
wild_freeze_25_0,1,0.0016186237335205078,2.0461382965246835e-05,0.014995214205470156,254.8471836257058,1.4077430125572686e-07,0.014547353714959757,253.88311196458451,1.2490418988993042e-07
wild_freeze_25_0,2,0.001124262809753418,3.198647747437159e-05,0.0042325206498830805,82.19193089393661,2.762810275316486e-06,0.0036848116924290786,82.27651215291071,2.319068296430892e-06
wild_freeze_25_1,1,0.0016234517097473145,2.034221962094307e-05,0.015040078772366626,255.3026921535249,1.3935437401838395e-07,0.014515139926806217,253.71368127167122,1.2663517240237669e-07
wild_freeze_25_1,2,0.0011238455772399902,3.197945902744929e-05,0.004234304134890406,82.18149018160213,2.8050274856798955e-06,0.0036853794989008884,82.26666558784383,2.3556900544635306e-06
wild_freeze_50_0,1,0.001537322998046875,2.0307025561730067e-05,0.014933645587804014,255.26012536304543,2.1785785082368782e-07,0.014494284566647388,254.2471031206425,1.504024617806692e-07
wild_freeze_50_0,2,0.0011228322982788086,3.205030163129171e-05,0.004248841088275347,82.26592225131245,2.7566869218642604e-06,0.0037004778340171676,82.34784386353569,2.3068175321700924e-06
wild_freeze_50_1,1,0.0015592575073242188,2.0181485762198768e-05,0.01497850109601626,255.74835590868028,2.1563524230217688e-07,0.014461884060478093,254.0633584167346,1.5263425991435396e-07
wild_freeze_50_1,2,0.0011225342750549316,3.204591323932012e-05,0.004250657298172937,82.2556926515236,2.8002628229797072e-06,0.0037009960935374332,82.33628198749189,2.3385211045310977e-06
wild_freeze_75_0,1,0.0016136765480041504,2.036459743976593e-05,0.01480231481432851,255.22618559865933,3.633961745633944e-07,0.014382633260197793,254.410023661344,4.1298662407287673e-07
wild_freeze_75_0,2,0.0011137723922729492,3.20946363111337e-05,0.0042805411133749124,82.35665983960732,2.711432240257523e-06,0.0037286892413260987,82.42107074494766,2.2964015180907705e-06
wild_freeze_75_1,1,0.0016346573829650879,2.0237392435471217e-05,0.014850007528576794,255.74245413905052,3.5909965623478785e-07,0.014349281289667858,254.18810761127048,4.1899935722574924e-07
wild_freeze_75_1,2,0.0011136531829833984,3.209389994541804e-05,0.004282596259589717,82.34630978135826,2.7511252132512555e-06,0.003729154159576667,82.40950620374404,2.3291978663187044e-06
wild_freeze_100_0,1,0.0016225576400756836,2.0543191581964492e-05,0.014694791318915849,256.5396869629653,6.687349276676464e-07,0.014270760930651619,255.40291950554865,6.711373822956601e-07
wild_freeze_100_0,2,0.001065373420715332,3.224446127812068e-05,0.004374966109981388,82.13897577293062,2.6053815624396354e-06,0.0038133042620631824,82.18264820035465,2.2362953608147366e-06
wild_freeze_100_1,1,0.001626431941986084,2.0390121887127557e-05,0.0147450317367397,257.137808476529,6.623473848065036e-07,0.014236874060058044,255.16049084380214,6.828256607414191e-07
wild_freeze_100_1,2,0.0010650157928466797,3.2243721187114716e-05,0.004377463348192175,82.12809978453473,2.656969821218135e-06,0.003813797759534478,82.16837291326993,2.27799767620602e-06
