preset,source,diffusion,pitch_salience_proxy,spectral_flatness,tail_envelope_step,transient_smear_rms
Diffuse Halo,impulse,high,0.11142225570806887,0.0018667907543878498,0.534361217630846,0.0008922164610949248
Diffuse Halo,impulse,low,0.13356349728929062,0.000970939282678908,0.5030632173398385,0.0008230539022447724
Diffuse Halo,vocal,high,0.2731748901878795,7.243286511709122e-06,0.06850708250008028,0.004405465885491125
Diffuse Halo,vocal,low,0.2532661976159601,8.955674150844215e-06,0.07019945385268138,0.004160804134538477
Diffuse Halo,major,high,0.23287422307404873,1.0603893842623725e-05,0.21615214093721447,0.005401710290670444
Diffuse Halo,major,low,0.24199266733916955,1.1934616846508583e-05,0.213938183480984,0.005112564646759978
Diffuse Halo,minor,high,0.19193890769967178,8.81925766547561e-06,0.2587284158229517,0.006602276668241022
Diffuse Halo,minor,low,0.19388045806667742,9.54430334695326e-06,0.25968878486841196,0.006227496288202107
Diffuse Halo,suspended,high,0.21529060234392164,3.715304549957378e-06,0.2108090233177637,0.005282705054339489
Diffuse Halo,suspended,low,0.22315750572855528,3.987772869624938e-06,0.21197444635727195,0.004987581050212861
Diffuse Halo,cluster,high,0.3359820105040228,8.890930962129583e-06,0.2455287344388357,0.0054468691634239445
Diffuse Halo,cluster,low,0.3369461648129319,9.357975711928122e-06,0.25063933501983676,0.005194735378420776
Fifth Nebula,impulse,high,0.07512511164882305,0.0004321649040433451,0.6140788966845399,0.0008748274261469028
Fifth Nebula,impulse,low,0.10406465659391319,0.0003720784695117187,0.5836475434595124,0.0008091422630010387
Fifth Nebula,vocal,high,0.34846581327194337,1.0193732575738465e-05,0.0727335962510196,0.0041538532365616955
Fifth Nebula,vocal,low,0.35721810000976734,1.3696106086127566e-05,0.0710141828507976,0.003932642230098391
Fifth Nebula,major,high,0.23251313015398312,1.8643346813184105e-05,0.2735257737778066,0.004858435279254202
Fifth Nebula,major,low,0.25242559456326386,1.6893911128014587e-05,0.26771100963714783,0.004611784154890336
Fifth Nebula,minor,high,0.21094234953868096,1.2669374125909408e-05,0.28349704548590715,0.0058927395124821385
Fifth Nebula,minor,low,0.2238190935156698,1.193291015387622e-05,0.2793742037715099,0.0055764696472515975
Fifth Nebula,suspended,high,0.23115108705567466,7.542420266705051e-06,0.2517393892998895,0.00463840844890008
Fifth Nebula,suspended,low,0.2541228958568219,7.600989424733596e-06,0.2476339071475016,0.004376616725355131
Fifth Nebula,cluster,high,0.2803170012125556,1.589279700054406e-05,0.2678086624956503,0.004862003207398823
Fifth Nebula,cluster,low,0.3009525465523249,1.5081551991247986e-05,0.2676489377539102,0.004653271177071579
