preset,source,rms_db,active_rms_db,peak,peak_db,crest_db,tail_energy,decay_proxy_s,decay_censored,t20_rt60_proxy_s,t20_r2,centroid_hz,lf_fraction,hf_fraction,width,transient_rms,transient_preservation_db,shimmer_contribution,modulation_proxy,dominant_pitch_variance_hz2,vocal_pitch_std_cents
Low Orbit,impulse,-69.0221042270388,-61.240606505329296,0.36953747272491455,-8.64683031331346,60.37527391372534,0.0,1.2,0,nan,nan,11914.140007247306,0.005075796897735026,0.6421485567729711,0.0870243543235825,0.011953436887088926,-2.6068318991843435,0.00027306816350116504,0.46845108812245406,264325.5615234375,nan
Low Orbit,pluck,-35.58756069720721,-27.819810305428,0.15069901943206787,-16.437791470844395,19.149769226362814,0.00013697387720672038,0.9000000000000004,0,nan,nan,368.7350634309734,0.0037803508504607834,4.4043137806242596e-07,0.03550268801243298,0.08397024265154598,-2.4248487384619843,0.0013637277897983531,0.40689256531048684,11821.484838638544,nan
Low Orbit,vocal,-43.8270516882216,-36.07625284969106,0.05686461925506592,-24.90315728774007,18.923894400481533,4.575631569204012e-05,1.2000000000000002,0,nan,nan,764.4720447405917,0.0002488402706579377,8.469646247166701e-07,0.021355448730279347,0.014088970048789158,-2.5969057116448617,0.0009559966400701068,0.14494863869769983,13837.247769508134,1.5454946858552752
Low Orbit,pad,-35.36881068653961,-27.5977618637642,0.12192058563232422,-18.27845919825944,17.09035148828017,0.00010955619421881035,1.0999999999999996,0,nan,nan,217.01484741211596,0.4928665740705086,8.662929718544078e-08,0.03532768270244093,0.0011200245006055488,-2.542107252531837,0.0013613719139041896,0.19801060382644634,409.2538708191611,nan
Low Orbit,percussion,-39.619432822270134,-31.83818702351823,0.20053672790527344,-13.956121511665911,25.66331131060422,1.0506402620077773e-06,0.7999999999999998,0,nan,nan,2449.1367070727115,0.7954724662786123,0.1291869828089713,0.05737732931465076,0.09744029571394722,-2.677415202368101,0.0005094408466484007,0.8462819873472713,23.33459775309918,nan
Low Orbit,chords,-40.830593462894605,-33.0536220621336,0.10823225975036621,-19.312865478966707,21.517727983927898,1.3546268242440837e-05,1.0,0,nan,nan,183.6871826720842,0.67565224011348,8.777377486553137e-07,0.038595387829710545,0.03902835744302261,-2.6663893121602458,0.0009235971951390015,0.31826639397846695,1601.1517716171727,nan
Tidal Lock,impulse,-69.80918206237392,-62.02828765301661,0.3304443359375,-9.618033757224982,60.19114830514894,1.5613734691832804e-09,6.7,0,11.721192529234461,0.8983470702159522,10402.585616200113,0.0042859912396566585,0.565478949235841,0.2250214532090727,0.01071492998023051,-3.556901009008288,0.0004310089065833229,0.4582261905555381,62179.43932399276,nan
Tidal Lock,pluck,-36.336745803085215,-28.7136990488694,0.14866435527801514,-16.555862964698452,19.780882838386763,0.0008992982141401104,5.300000000000001,0,nan,nan,374.49940188771075,0.0016968389914920664,6.156861468165919e-07,0.0856844950456822,0.07527780817797944,-3.3740175922589364,0.0018538201982823716,0.37822685807788936,45985.420399812814,nan
Tidal Lock,vocal,-44.364231166480366,-36.746933316932434,0.05210220813751221,-25.662877410548745,18.70135375593162,0.00014665037410463308,5.5,0,nan,nan,792.6592232496182,7.555835510153822e-05,2.8673926669432768e-06,0.06513265392811801,0.012524240952063087,-3.619462342141922,0.0011310010472896166,0.1375260180425966,90925.2342112713,6.371012324156517
Tidal Lock,pad,-37.38279498365244,-29.650568383588457,0.09801101684570312,-20.17450210117361,17.20829288247883,0.0002225671838091167,4.4,0,nan,nan,211.59948129246789,0.5998198185416531,2.421882840920943e-07,0.09087391454434048,0.0010007351105214167,-3.520274969251939,0.0017439973985981677,0.22465579572339314,1212.9716284798205,nan
Tidal Lock,percussion,-40.53614513874916,-32.764485877672655,0.18147003650665283,-14.823901468103557,25.712243670645606,2.162470065736895e-05,5.199999999999999,0,nan,nan,3782.62077912236,0.699347869428643,0.19464029929658397,0.15685466195540898,0.0875546178142839,-3.606605935794374,0.0007935634088978219,0.6988076013266846,430602.64762169815,nan
Tidal Lock,chords,-41.79343854607186,-34.0757051286356,0.0969160795211792,-20.27208324784204,21.52135529822982,0.00010411703598816565,4.199999999999999,0,nan,nan,182.39328666753522,0.7247419794685133,9.615438316086363e-07,0.0953633551717224,0.03626115305910571,-3.3051625890479848,0.0014284429429588454,0.3128292803035859,1366.8272230360244,nan
Trade Winds,impulse,-69.20372619791499,-61.42223060797629,0.35755622386932373,-8.933113158582875,60.27061303933211,5.368961275564743e-12,3.0,0,nan,0.7705239530474347,10831.324644642425,0.0051740841033145885,0.6058768081063343,0.15488782246930766,0.01157834426320865,-2.8837585870880345,0.00040306021797801737,0.5054175349637163,90116.89493478822,nan
Trade Winds,pluck,-35.65189163486944,-27.9513832642376,0.12932848930358887,-17.766115908506887,17.885775726362557,0.000679553764103082,2.0999999999999996,0,nan,nan,369.1594608111226,0.0015741087869209818,1.8645364312901592e-06,0.06377946650676611,0.0802652623621189,-2.8168043100026168,0.0014256364851947998,0.3561752275119432,20656.11279700413,nan
Trade Winds,vocal,-44.62408669546869,-36.92662091536684,0.05508911609649658,-25.178683916299658,19.445402779169033,8.933135798045733e-05,2.4000000000000004,0,nan,nan,737.2451500905288,0.00026862208291179173,6.378405807535483e-06,0.04365942441952371,0.013581295408896653,-2.9156667147160933,0.0009048040375533209,0.14761058955024028,43601.321938733854,2.3103772190077247
Trade Winds,pad,-36.052789528194666,-28.298540005794077,0.1104269027709961,-19.1385021731416,16.914287355053066,0.00020990240799089252,2.0999999999999996,0,nan,nan,221.54682030411956,0.5300787722536919,4.639009304319297e-07,0.06694407116591826,0.0010842916018436789,-2.8237358314210166,0.0013864115504119323,0.2242057188102303,2090.256261163771,nan
Trade Winds,percussion,-40.054929447461674,-32.286211224424285,0.1920914649963379,-14.32983862544602,25.725090822015652,3.9260951596290725e-05,2.0,0,nan,nan,2163.3766681438783,0.818377962049917,0.11176582207704384,0.11352057919920182,0.0929553020369499,-3.086703741351794,0.0008087537135671894,0.6770668427637581,23.2078055658284,nan
Trade Winds,chords,-40.911577232027255,-33.14801776130554,0.10472512245178223,-19.598982463192158,21.312594768835098,4.520530030611806e-05,1.7999999999999998,0,nan,nan,180.74166069031196,0.7090759611353327,1.3388294043812516e-06,0.07562347760432339,0.038971242213792036,-2.6791098047935353,0.0009764700230680829,0.34347835836723695,1703.7234922845146,nan
Solar Wind,impulse,-69.4916139873307,-61.71027370504767,0.3414037227630615,-9.334634950504197,60.1569790368265,4.6512251665002207e-10,5.0,0,nan,0.7700203290091294,12071.93268080199,0.00281118146423173,0.6312541480880864,0.2270708211060601,0.011071216187170918,-3.2727811303212895,0.16021172823155824,0.5117141935238256,2087515.071946748,nan
Solar Wind,pluck,-36.02948882481526,-28.44832277886877,0.16608762741088867,-15.593254376536823,20.436234448278437,0.0012965831067879208,4.1,0,nan,nan,393.7189379930897,0.0032172105391941,5.008568380391208e-06,0.1015952902500273,0.07963059803899585,-2.885757354871472,0.17598721875076903,0.3976547803389113,41492.01536738775,nan
Solar Wind,vocal,-41.318376179619996,-33.704281809000655,0.08279430866241455,-21.639990317795107,19.67838586182489,0.0003218628003764519,4.699999999999999,0,nan,nan,724.6104877232033,0.00011646170431765987,1.0551847429555346e-05,0.07814643484834195,0.012984689301296641,-3.305859384105279,0.14175284580220102,0.1403340652814517,863.3374813084915,3.282799898628352
Solar Wind,pad,-35.5125040163324,-27.789532694037433,0.11792707443237305,-18.56772950849554,16.94477450783686,0.0004338550082562088,3.8,0,nan,nan,234.49336307714387,0.42248231979436435,2.7045746061531515e-06,0.10501508919817529,0.0010345748293216464,-3.231419551625682,0.17303266522110955,0.20132037663737992,190.44073354581025,nan
Solar Wind,percussion,-40.10157386793688,-32.32927829969079,0.19726741313934326,-14.098893009869437,26.002680858067443,2.3879813879379133e-05,4.5,0,nan,nan,5282.285632356013,0.5540393764727447,0.27577004399312616,0.19839644354269587,0.09235653667826355,-3.142834293613394,0.19112202190297414,0.788557138707082,197485.62930620095,nan
Solar Wind,chords,-41.32969623980695,-33.60070403789621,0.10081839561462402,-19.929204360782144,21.400491879024806,0.00010205536238152065,3.4000000000000004,0,nan,nan,197.16500797140347,0.6121616899141745,3.6896186469912444e-06,0.12279502768653414,0.038840467938936855,-2.708305718522613,0.19171670707983057,0.321965966205595,1863.5233061257031,nan
Escape Velocity,impulse,-69.30255328735245,-61.5210699013375,0.35308730602264404,-9.042357912879464,60.260195374472985,4.587190745771371e-11,3.3,0,nan,0.8472375743216498,12325.075141788144,0.0035945581962792536,0.6392367832638918,0.21584755740180717,0.011438425257823277,-2.9893629820664316,0.00036690303485121075,0.4886102456484887,19540781.103515625,nan
Escape Velocity,pluck,-35.88927398960579,-28.176754328301943,0.14692425727844238,-16.658129920481496,19.231144069124294,0.0005208360405567913,2.5,0,nan,nan,379.41879869186266,0.003026804125381119,4.349728271202296e-06,0.09667568475283721,0.07914927614606834,-2.9384179539524085,0.0019288320431304923,0.3777160501724666,36675.039605680206,nan
Escape Velocity,vocal,-43.68287739050663,-35.99400721899378,0.05642342567443848,-24.970810995183037,18.712066395323596,0.00011595455394715115,3.0,0,nan,nan,740.5894192570522,0.00013138650737976376,1.7300643899296194e-05,0.059515890348435754,0.013430561488495337,-3.0126072392031045,0.0013736696321815065,0.15151674452520927,15659.332275390625,2.9486916333577273
Escape Velocity,pad,-34.93872830882904,-27.18396858068843,0.12978792190551758,-17.735314424033398,17.203413884795644,0.0002526612020083707,2.4000000000000004,0,nan,nan,243.44159414541105,0.4631662266615194,3.334316353279715e-06,0.11903240704752427,0.0010695386337061757,-2.9427281782332564,0.0015204373068635135,0.1919049484888606,1417.753456746589,nan
Escape Velocity,percussion,-40.02318426823493,-32.24978544505676,0.18975281715393066,-14.436235353147707,25.58694891508722,2.381671910053118e-05,2.3,0,nan,nan,3113.8103810734956,0.7436709842038634,0.16042833877325796,0.16345233642024895,0.09218266006791982,-3.1592023446469493,0.0011824756313846517,0.5645173135154281,178114.54666985405,nan
Escape Velocity,chords,-40.85537687894502,-33.087894007650746,0.10402929782867432,-19.65688665759375,21.198490221351275,3.397346663065119e-05,2.2,0,nan,nan,185.10014548266665,0.7104552988205686,2.4455781645305953e-06,0.11179083743139143,0.036925312074653646,-3.147511300130797,0.001244271137188545,0.32218913732581395,1851.225334794605,nan
Zero-G,impulse,-69.90552992088638,-62.133801191247855,0.3241133689880371,-9.786061097468277,60.1194688234181,2.3512501219939235e-08,11.4,0,21.78069958280438,0.9398881918851351,13068.054008855755,0.004221111208592235,0.6824633291747376,0.2600106468261553,0.010520943240112074,-3.7155942040535317,0.00048339976296275534,0.46427659108744135,992257.4296147395,nan
Zero-G,pluck,-36.29184362642948,-28.80523922357152,0.14551305770874023,-16.74196066463996,19.54988296178952,0.0015787633771785312,8.1,0,nan,nan,371.39372179043636,0.0037784936257809665,5.542575658624381e-07,0.1023538961356592,0.07302647834128219,-3.637749751073917,0.001838105696864805,0.3884029111192246,75443.4684196965,nan
Zero-G,vocal,-41.84993722925025,-34.38170830236915,0.07471632957458496,-22.531689417747952,19.3182478115023,0.00046551441753319654,8.5,0,nan,nan,699.8898637856787,0.00010632253727923708,1.109243054254078e-06,0.06734829129251466,0.01224916347247363,-3.8123620171612975,0.0014388894808177609,0.1284928047124158,18599.190743195486,2.6262070783318707
Zero-G,pad,-36.82490747056719,-29.13410718024793,0.10082721710205078,-19.928444389213716,16.896463081353474,0.0004397556556311904,6.699999999999999,0,nan,nan,208.31320118638595,0.6228995873039455,1.8999000411561927e-07,0.11060282849834074,0.0009824084510948186,-3.6808159164136245,0.0017576660723388792,0.22105925566655038,1577.3368340545035,nan
Zero-G,percussion,-40.726398725750464,-32.97475577812355,0.17690205574035645,-15.045342404382643,25.68105632136782,5.938228700418883e-05,8.4,0,nan,nan,3199.588559397011,0.7442334064960078,0.16451189451392886,0.17587873363929807,0.08517703225672857,-3.8457369825740817,0.0007655545957296321,0.7147716513636286,593809.4619057808,nan
Zero-G,chords,-41.70880956094611,-34.03754234387154,0.0947340726852417,-20.46987583328886,21.238933727657248,0.00017319101606617958,6.6,0,nan,nan,177.32442832694937,0.7214197017850209,7.106395881662005e-07,0.11544000002730315,0.034481658690828254,-3.7422318136163564,0.001340040392876818,0.3182128569126487,1769.0031586221344,nan
Event Horizon,impulse,-69.62168571498347,-61.84665326258597,0.3407096862792969,-9.35231038776481,60.26937532721866,1.8893138736449564e-08,15.4,0,28.30599610892376,0.8987288589343491,13389.080172634403,0.005870188268729574,0.7050560054560578,0.2682209678616295,0.011041348129546453,-3.296245691580486,0.0007775487872343218,0.43216504053685384,266134.4856112433,nan
Event Horizon,pluck,-36.14322433133814,-28.661909920326146,0.1443653106689453,-16.810743004431853,19.332481326906287,0.0018897136436242027,14.399999999999999,0,nan,nan,363.0539240926769,0.003324575638264864,1.2988372877400264e-06,0.09997055953448156,0.07575880447879672,-3.3186946498851033,0.0009410018796415314,0.3984813074654126,38984.590707929725,nan
Event Horizon,vocal,-42.804595117060835,-35.43282801963549,0.05818033218383789,-24.70447606906832,18.100119047992514,0.000549597577934214,13.399999999999999,0,nan,nan,729.7725182154311,0.00010105849497816083,3.7242542068128266e-06,0.05088306118699229,0.012910471620602975,-3.3556484818279344,0.001274630277804557,0.13181698341907372,17667.34258674771,2.7136782627577514
Event Horizon,pad,-36.48666149799596,-28.836503674439186,0.10671865940093994,-19.435192779950658,17.051468718045303,0.0007790003724525977,11.2,0,nan,nan,220.29056263684663,0.535940409173501,6.821706813740783e-07,0.10204550085377034,0.001033082053521458,-3.2439613695793157,0.0006107001118672028,0.2312771071465343,1172.788691802183,nan
Event Horizon,percussion,-40.326886446334825,-32.596334718036076,0.18529176712036133,-14.642877536301942,25.684008910032883,0.0001259822649054305,11.0,0,nan,nan,2177.004231241431,0.8381438448336259,0.11170091985753802,0.15220744928322072,0.08911369273605099,-3.4532982574250743,0.00042099807446778167,0.6976498597202773,216222.39846179285,nan
Event Horizon,chords,-41.52950255029043,-33.901439826166886,0.09905993938446045,-20.082038842032368,21.447463708258063,0.00028423033536528384,12.7,0,nan,nan,168.12339101938292,0.7705079449402912,8.354643284787288e-07,0.1050453551876677,0.03576815763849497,-3.4240633710094275,0.00045819977203486926,0.3195569521739058,2079.5711517333984,nan
Glass Transit,impulse,-69.43718644030187,-61.65569199118872,0.34450292587280273,-9.256141705314802,60.18104473498707,5.6246964123355765e-12,3.0,0,nan,0.14269698708754697,11707.334242544464,0.0028080015538759777,0.6123914328575903,0.21367806351769186,0.011168998341390386,-3.196403227428502,0.17091855791329236,0.5132745970027021,127353.515625,nan
Glass Transit,pluck,-35.95946182854036,-28.27267808301312,0.13795089721679688,-17.205509411483256,18.753952417057107,0.0006519500071368537,2.8,0,nan,nan,395.12704652654537,0.002170693607569582,2.0259235048862803e-06,0.08765732065336425,0.07729390477281958,-3.1444519468773997,0.19663413792165613,0.3956229061402197,30480.521065848214,nan
Glass Transit,vocal,-43.51262321287759,-35.84462185933977,0.059381961822509766,-24.526909171304617,18.985714041572976,0.00013698214831187242,2.9000000000000004,0,nan,nan,830.1289208482964,0.0001208855395880458,4.369035097790081e-06,0.07034754558381258,0.013084963267432345,-3.239040473005113,0.15396569910034186,0.12940978465382497,54739.532470703125,3.515497796502278
Glass Transit,pad,-36.47611601538594,-28.737990514084977,0.10373318195343018,-19.68164600352311,16.79447001186283,0.00026676787065167153,2.2,0,nan,nan,238.3998029511861,0.36046930627371343,1.6043562957272654e-07,0.08706568283004582,0.0010425080481266237,-3.1650693844423516,0.22473588626537616,0.1890636795274944,264.70184326171875,nan
Glass Transit,percussion,-40.343056786266374,-32.567559164105305,0.18510305881500244,-14.6517280900418,25.691328696224573,1.5246612045965927e-05,1.7999999999999998,0,nan,nan,4995.998242737467,0.5661755202336847,0.26150664863955003,0.17719986753393477,0.08982490559027809,-3.3842516800062543,0.20112203672405868,0.9111945552856587,97150.25817063445,nan
Glass Transit,chords,-41.435354829925984,-33.675856744904806,0.10161876678466797,-19.860521597265397,21.574833232660588,4.329196974273038e-05,2.2,0,nan,nan,206.4638748738635,0.5903441652918994,1.7789994570780353e-06,0.10134341901407327,0.03664425458515276,-3.213876954382258,0.25900291653093993,0.3097891121646738,12909.199598985037,nan
Cassette Moon,impulse,-69.10737804658322,-61.325880643914886,0.36482131481170654,-8.758395915935875,60.34898213064734,3.6514643160974935e-14,2.1,0,nan,nan,10484.718313669311,0.006924064247126203,0.5858643173657164,0.1079753144736576,0.011800969055318208,-2.7183343252915386,0.00047522233134044415,0.47691777190880974,76778.13063046432,nan
Cassette Moon,pluck,-35.697014088143966,-27.965668543889155,0.147391676902771,-16.630540801351554,19.066473286792412,0.000460457570568225,1.7999999999999998,0,nan,nan,366.87254794619315,0.0020917632883400675,2.3893773460323327e-06,0.04572844228369866,0.08173323637672743,-2.6593829832680975,0.0008327671902655518,0.4266221935575135,11962.696901036496,nan
Cassette Moon,vocal,-44.011994183424505,-36.281903035293,0.05621600151062012,-25.002800956012038,19.009193227412467,6.95732260327205e-05,2.0999999999999996,0,nan,nan,873.9292928171501,0.00020482577691934646,1.5176272362221521e-05,0.03636369323522842,0.013913540337906408,-2.705737600074847,0.0010060335999816424,0.14765416349369037,35954.60519282776,2.3550486496279617
Cassette Moon,pad,-35.74816784668784,-27.986126607609933,0.11783277988433838,-18.574677528409676,17.173490318278166,0.00017728339764272165,1.9000000000000004,0,nan,nan,214.2364810982131,0.6399304599941529,1.459230428974076e-06,0.04577894722053865,0.0011054445454414157,-2.6559184902928026,0.0005082377165706662,0.24337062045386743,1934.814453125,nan
Cassette Moon,percussion,-40.03557096352854,-32.26194752064902,0.19609081745147705,-14.150854860303202,25.88471610322534,2.67992958219249e-05,1.7000000000000002,0,nan,nan,2345.0276357666194,0.807623665580441,0.12475526000728882,0.0721132093566165,0.09524144269396867,-2.8756677609374677,0.005441469116919642,0.9614905449595861,20.56121826171875,nan
Cassette Moon,chords,-40.972082956896365,-33.199692054443645,0.10670363903045654,-19.436415382101565,21.5356675747948,2.4973863400339803e-05,1.5999999999999996,0,nan,nan,177.3285593440199,0.7540296164046562,1.3573642367940004e-06,0.04853087227676997,0.03854797883186542,-2.7739625525141087,0.0003022519479548288,0.33273245942590746,1026.047600640191,nan
Pulsar Eighths,impulse,-68.98749356493963,-61.20599584716076,0.36178290843963623,-8.831039083724532,60.15645448121509,8.324022952403236e-14,1.6,0,2.438529384479821,0.8992723650632086,9090.52801093943,0.003730255642645455,0.5338063730909386,0.07656721905378841,0.011711793216518083,-2.7842198387971333,0.00021044871141604737,0.6084258420994497,26400.983333587646,nan
Pulsar Eighths,pluck,-35.742992621904406,-27.968319438513724,0.14386892318725586,-16.84066013876039,18.902332483144015,5.810721586965843e-05,1.0999999999999996,0,nan,nan,388.88030278002697,0.0016041216452744955,9.076993068633717e-07,0.040544318791418454,0.08119382090725413,-2.71689731433214,0.0009426880501277913,0.431145021140029,83549.30920936084,nan
Pulsar Eighths,vocal,-40.386315251362355,-32.643300370741,0.07328832149505615,-22.69930449471833,17.687010756644025,0.00011187616055342382,1.2999999999999998,0,nan,nan,707.1220932269935,9.270116170375177e-05,1.452496455520466e-06,0.02883582381269316,0.013808851849418042,-2.771339224473855,0.0008498228937159893,0.11101897948611944,1456.7729855371908,4.559361962431496
Pulsar Eighths,pad,-35.562414889136946,-27.786746905358434,0.12017762660980225,-18.403527542558844,17.1588873465781,5.177094807007683e-05,1.0,0,nan,nan,236.9278045386169,0.4804940604395034,2.1347880692282833e-07,0.04255866271350679,0.0010957197849676707,-2.7326676404070356,0.0012964511901527723,0.19717085071465862,4392.243046749027,nan
Pulsar Eighths,percussion,-39.80668360956665,-32.02600396252127,0.19813597202301025,-14.060733403629344,25.745950205937305,2.7780709254658177e-06,0.7999999999999998,0,nan,nan,2693.737775960634,0.7517028631110567,0.1550247553111023,0.05822523395231763,0.09510066416499323,-2.8885160687473506,0.0004740654313893293,0.910957092391724,52106.778047091415,nan
Pulsar Eighths,chords,-41.06890949920519,-33.291921549184295,0.10660123825073242,-19.444755012692305,21.624154486512886,1.1262095431276246e-05,0.9000000000000004,0,nan,nan,189.8781177645614,0.6435145523803313,1.7063728838070412e-06,0.04567486470736386,0.03843672194798885,-2.7990679482045717,0.0009266193383995701,0.2963923460856777,2046.6232299804688,nan
Frozen Choir,impulse,-70.04908867538333,-62.26956834708069,0.31466126441955566,-10.04313433043929,60.005954344944044,4.2652065167144334e-09,5.8,0,nan,0.766517321044528,12317.971473987904,0.001922849153848306,0.6484465172701859,0.2458100686801798,0.010229117622688801,-3.9599243061771014,0.3380609101502436,0.4883588208439942,162940.74058532715,nan
Frozen Choir,pluck,-36.749561463872475,-29.24560709594985,0.14527523517608643,-16.75616825678307,19.993393207089404,0.0012407263340776954,5.4,0,nan,nan,400.42835439325984,0.0012992638199916797,3.5039737495019964e-06,0.09389294037147207,0.07128288580001618,-3.847651436852686,0.35457903013714387,0.39117327162773485,11444.768905639648,nan
Frozen Choir,vocal,-43.74704505768747,-36.3419444699513,0.05401909351348877,-25.34905415839264,18.397990899294832,0.0003321786796332796,5.800000000000001,0,nan,nan,761.1614224353277,4.467961310016083e-05,8.006173958512772e-06,0.05080744235034133,0.01195860730871677,-4.020878530084351,0.32086595177866123,0.13951762889870495,4673.288829291045,2.3483311645965173
Frozen Choir,pad,-37.40849422124318,-29.746372920205385,0.09476232528686523,-20.467285821192224,16.941208400050957,0.00046694594509543206,6.800000000000001,0,nan,nan,232.6411337597571,0.46483692023183076,2.684699728240621e-06,0.10027842906759449,0.000953703871163638,-3.9383868028777598,0.3730523404871902,0.20252629934295047,1968.0008762995164,nan
Frozen Choir,percussion,-41.084163033135475,-33.31567310808415,0.1700739860534668,-15.387242190701944,25.69692084243353,2.2117069630976558e-05,5.300000000000001,0,nan,nan,6996.90127313821,0.42930229705799894,0.36882447982815264,0.20635479270195137,0.08249044424585207,-4.124114218928046,0.33923357016941036,0.8140998577561027,200988.72557241173,nan
Frozen Choir,chords,-42.14675806720662,-34.44340658823074,0.09295344352722168,-20.634690336847722,21.512067730358897,0.00010315082693812154,6.5,0,nan,nan,206.4520185280602,0.5546299819450957,4.996737055040016e-06,0.10540424306827262,0.03365774897191531,-3.952293448525071,0.41105218441242963,0.31354831439177433,1760.250294702293,nan
Dark Matter,impulse,-69.50826971116287,-61.72740499572471,0.34828341007232666,-9.161344239554097,60.34692547160877,2.048700862585425e-09,6.2,0,nan,0.10239438320318972,12131.241973085553,0.007753377859428655,0.6614517709010503,0.19593847030462305,0.01127873450370497,-3.111480282686096,0.11855729213583532,0.4081234280367457,16622461.070875468,nan
Dark Matter,pluck,-36.14972463131705,-28.52371573699845,0.131788969039917,-17.602418788100085,18.547305843216964,0.0010741578621975415,6.9,0,nan,nan,358.1654485402945,0.015493253521243625,1.2256805124574018e-06,0.07023406827254453,0.07801197107032955,-3.0641318814134695,0.18102388634647706,0.3955603364958338,7494.274979878068,nan
Dark Matter,vocal,-43.336680131979925,-35.75221898852053,0.05822646617889404,-24.69759133696957,18.639088795010355,0.0002589467301140229,7.5,0,nan,nan,734.87599668211,0.0015788067636148021,3.1362869978191542e-06,0.03756583260289298,0.013209359734341947,-3.1568552770556444,0.1735100235293276,0.13311135170933205,1630.3072368934822,2.174447271022089
Dark Matter,pad,-36.41483173290952,-28.732803549656897,0.10354399681091309,-19.697501504212205,16.717330228697314,0.0006507460878746598,6.1,0,nan,nan,197.60137334399565,0.7017701795781485,5.663970209294419e-07,0.07400444183826942,0.001055701544471114,-3.055834573992904,0.14393166494615764,0.25410202624079514,1420.133197318384,nan
Dark Matter,percussion,-40.345486096419954,-32.59825406635103,0.18709611892700195,-14.558704425955856,25.786781670464098,9.138797543640982e-05,5.800000000000001,0,nan,nan,2338.859089917398,0.8319724402138999,0.12037002775678891,0.11872116740429366,0.09038669427145307,-3.330097005220286,0.2055841687673552,0.6688951042931411,29.672215850069264,nan
Dark Matter,chords,-41.28787607145101,-33.58840829870636,0.10138773918151855,-19.88029122111115,21.40758485033986,0.00017510398854498499,6.9,0,nan,nan,167.79999912468028,0.783229223516667,8.97416487997326e-07,0.07429157083418707,0.03766133715687266,-2.976080079460113,0.16068783949959334,0.33891601179960745,1421.9683555988183,nan
Microgravity Slap,impulse,-68.40790204499375,-60.626407007839674,0.3962063789367676,-8.041570731692131,60.366331313301615,0.0,0.7,0,nan,nan,9535.558346170697,0.0039174509407327055,0.5568787893414855,0.028410443124379663,0.0128082806144283,-2.0068710783453954,0.00013515881676024797,0.4435046778104385,50235.32443576388,nan
Microgravity Slap,pluck,-35.58113856242572,-27.800144786722285,0.1343989372253418,-17.432083310018047,18.149055252407674,6.859326234301003e-06,0.40000000000000036,0,nan,nan,395.8832804991012,0.002046138379250538,1.0670044882337748e-06,0.014487033116541552,0.08860817501921037,-1.9578810643836289,0.0009535399601341624,0.3524710652774315,9926.219816605108,nan
Microgravity Slap,vocal,-43.489768067524906,-35.71355818354261,0.06014227867126465,-24.41640242740081,19.073365640124095,1.1458530941438412e-05,0.5999999999999996,0,nan,nan,776.4450004199339,0.00019867616069114055,2.36463367314211e-06,0.009754949341786799,0.015152289484162215,-1.9649254507209524,0.0005674094307535834,0.15483342776463213,9801.820832855848,1.8849513626329861
Microgravity Slap,pad,-34.19158428837056,-26.410453069953398,0.13694977760314941,-17.268773373465592,16.922810914904964,7.014073585249895e-06,0.5,0,nan,nan,222.68631444194023,0.4579507386187088,2.1097385508468137e-07,0.014426099080125609,0.0012006420353379034,-1.9383868274490903,0.000957804684414415,0.19747987740567668,159.74633487654313,nan
Microgravity Slap,percussion,-39.16107769303971,-31.379595285922445,0.2131948471069336,-13.42446592724973,25.736611765789977,1.7623011903052563e-07,0.20000000000000018,0,nan,nan,3675.057113765493,0.6574401406265021,0.21162648039435253,0.02551577172584563,0.1040311934045786,-2.1089154569047306,0.0005643617837559115,0.7387068823239138,20.269775390625,nan
Microgravity Slap,chords,-39.84020336020372,-32.05919562447174,0.11682379245758057,-18.649373986808232,21.19082937339549,2.499099348070318e-06,0.5,0,nan,nan,186.97514559733062,0.6493880175646266,7.884217092146724e-07,0.016646489790377472,0.04197934495582334,-2.0332816373280274,0.0007790588501418239,0.2673584867990274,1442.0497564621912,nan
Long Shadow,impulse,-68.19688906668358,-60.422143399273686,0.4112809896469116,-7.7172272823304855,60.4796617843531,5.770726787860762e-08,22.7,0,55.601061254958246,0.9760645762257757,9511.699863176544,0.0030693997785317673,0.5045087537192795,0.24067562619239716,0.013293703777444578,-1.6837678124013513,0.0005415020974070309,0.45805690260963117,61607.73760006751,nan
Long Shadow,pluck,-34.86713479710927,-27.19466554404629,0.1496506929397583,-16.498425357402414,18.36870943970686,0.0019826474648560748,14.600000000000001,0,nan,nan,376.53834405061684,0.0011788696587473927,3.8202084981120524e-07,0.09197218770066812,0.09168670549148288,-1.6612295453673276,0.0017068687092461337,0.41094787999904264,114289.08185434928,nan
Long Shadow,vocal,-41.72137062807987,-34.10476946392936,0.06753075122833252,-23.409968381131733,18.311402246948134,0.0006149424989140747,14.7,0,nan,nan,717.8468422036755,6.412589151634346e-05,5.697777092064349e-07,0.05454923560895622,0.015707619994476514,-1.652282907505625,0.0015018889952140052,0.12660267460866093,85506.55286809758,2.008041829763046
Long Shadow,pad,-35.10352457921599,-27.34882197101113,0.12323129177093506,-18.185579980138865,16.917944599077128,0.00046616978778822517,9.2,0,nan,nan,219.8142121508933,0.575221365027155,1.2531503540182666e-07,0.09652711013366963,0.0012472343750740986,-1.6076962733395153,0.001962251176713263,0.20622840662350317,11576.196761503454,nan
Long Shadow,percussion,-38.791700557304665,-31.018321485977218,0.22159409523010254,-13.088836326809856,25.70286423049481,6.0622441301358964e-05,19.6,0,nan,nan,3767.421773670114,0.6947200416327486,0.19349322065623653,0.16460344173377334,0.10811142787647775,-1.7747550021278222,0.0007917111040580715,0.7959686644125847,644165.1473547806,nan
Long Shadow,chords,-39.973526248844635,-32.2244967494208,0.1210242509841919,-18.34255193031058,21.630974318534054,0.00018388069249860672,10.8,0,nan,nan,177.01748051674107,0.7417690878261683,1.2868145150561133e-06,0.10550850615395227,0.04375913148009583,-1.6726209160749306,0.0016740641660124335,0.32114258616108465,1767.9780721664429,nan
Long Shadow,piano,-35.290561948680676,-27.58955242177681,0.12379562854766846,-18.145893815711364,17.14466813296931,0.0013321319527501315,18.8,0,nan,nan,326.4790267408472,0.0006972700556032857,1.0217316818181514e-06,0.09475496704529233,0.07667124304638398,-1.4920517396628183,0.0017181700657997409,0.3236011070218644,302833.0734882558,nan
Long Shadow,major,-40.28234031109498,-32.52610290391762,0.1210242509841919,-18.34255193031058,21.939788380784396,0.0001333748227345999,10.3,0,nan,nan,219.7346307144094,0.566178530146926,1.3068027181737926e-06,0.09786961249209938,0.03992451121005902,-1.818397650952939,0.0015493349038414876,0.2931659256169697,4030.284891489214,nan
Long Shadow,minor,-39.950586595005724,-32.2032304545508,0.11920595169067383,-18.474041213746148,21.476545381259577,0.00019424968414099908,10.4,0,nan,nan,198.42015904899418,0.6985766950418636,8.339983855629633e-07,0.08536742889084824,0.04392784884717792,-1.745370961113599,0.0016566262888527438,0.2845215826611358,400.8066603411236,nan
Long Shadow,suspended,-40.31791864989763,-32.56539460587841,0.12064540386199951,-18.369784368662586,21.948134281235042,0.00015168884457974146,10.4,0,nan,nan,220.85512847298847,0.5705270118926491,1.295930048746669e-06,0.10958488628143785,0.040968920199603326,-1.9327108486353533,0.0016373164141703226,0.2775105001486406,3814.9515057185436,nan
Long Shadow,cluster,-40.48410711751192,-32.74635571021638,0.11327004432678223,-18.91769859067587,21.56640852683605,0.00021994775672743572,12.3,0,nan,nan,159.9163064575949,0.9330025635038768,1.0542336066067872e-06,0.10491362710218946,0.04441298600679203,-1.7017350738153438,0.0019719930394143195,0.3682693227075217,58.19664001464844,nan
Long Shadow,bass,-27.15494551158466,-19.37980463324209,0.1705228090286255,-15.364350436333975,11.790595075250685,0.000692456510569448,9.4,0,nan,nan,71.48318355107772,0.9999846525286469,8.46695264807369e-08,0.0782702990451004,0.09978197825892265,-1.7745362493226065,0.00161852821473883,0.18034469954959947,390.1756322100005,nan
Afterimage,impulse,-67.9128571325935,-60.13232659506326,0.4270213842391968,-7.391007519427305,60.5218496131662,1.1571241405494703e-08,11.4,0,21.182466890039326,0.9408065312883558,11762.73413861089,0.002979743874989603,0.611166624877015,0.2535502787436228,0.013796677454903853,-1.361197530815742,0.0004902728291355184,0.4591186194776483,77907.24598631565,nan
Afterimage,pluck,-34.6009742162833,-26.869627895520637,0.14668476581573486,-16.672299763449928,17.92867445283337,0.001281691093210153,8.4,0,nan,nan,383.14272119666094,0.0014102064121533499,7.154123905872137e-07,0.09650549761989427,0.09552790088651912,-1.304752207329328,0.0016458865349218595,0.36839013225381195,59363.40052403296,nan
Afterimage,vocal,-41.43456402667703,-33.74874764589589,0.07013499736785889,-23.08130429946297,18.35325972721406,0.0005043511096080147,8.8,0,nan,nan,739.7299837199698,4.5218320421225793e-05,9.778990729646473e-07,0.04748796215548987,0.016341340767647684,-1.3087368997353919,0.0011364194188222066,0.10968115585248495,93310.73774677853,2.361688862597314
Afterimage,pad,-34.2364862982703,-26.470820600760945,0.13760149478912354,-17.227536965158134,17.008949333112167,0.0004421521837499092,6.199999999999999,0,nan,nan,244.62147074226345,0.45140373270931816,2.966311412754255e-07,0.10672317881963876,0.0012953730164559096,-1.2787607894252355,0.0022830730876214184,0.2203526381407081,2162.831190487999,nan
Afterimage,percussion,-38.44990930620027,-30.671748204041297,0.23024511337280273,-12.756191566400549,25.69371773979972,3.549259361859791e-05,12.2,0,nan,nan,4762.040618691577,0.619150155149543,0.2462630371494919,0.1867542171394913,0.11271841725620087,-1.4122894289771246,0.0008194860213749358,0.8437861321375218,663042.1419910045,nan
Afterimage,chords,-39.578910229636,-31.809981532772667,0.12586939334869385,-18.001597219245735,21.577313010390267,0.00010258337975355491,6.9,0,nan,nan,185.0144129556544,0.6858479157323277,1.972766711950577e-06,0.1078890788898958,0.04564424537621916,-1.3062741609714505,0.0015768683551174128,0.2982825971015908,1559.3804253472224,nan
Afterimage,piano,-34.954500255904634,-27.205169409416477,0.11823058128356934,-18.545403503799047,16.409096752105587,0.0007592132980049487,7.199999999999999,0,nan,nan,331.0034331732148,0.0007967812251733372,1.5950879456966829e-06,0.09672285655285576,0.07876711670357103,-1.2578028621497874,0.0016594688689294727,0.3038376789231974,190468.68286132812,nan
Afterimage,major,-39.464792263809166,-31.697252208025184,0.12586939334869385,-18.001597219245735,21.46319504456343,0.00011690846234781501,5.9,0,nan,nan,239.91717340290447,0.4728438895164854,2.196648165871488e-06,0.10823400649092722,0.04283687417575504,-1.206834354342769,0.0016613313592489629,0.27708666129611503,747.2476455744494,nan
Afterimage,minor,-39.47711235598244,-31.710177739103145,0.1239326000213623,-18.136288780127195,21.340823575855246,0.00012162317305105604,5.9,0,nan,nan,240.82391680289336,0.4537126720221815,1.7206121426565595e-06,0.1039712195612843,0.04672554888394414,-1.2090814530579865,0.0017237871476281279,0.2568299215599569,1509.747856126355,nan
Afterimage,suspended,-39.552370763823255,-31.785015777018067,0.13043367862701416,-17.69220514241976,21.860165621403496,0.00011615689518636386,5.9,0,nan,nan,245.83053815413598,0.44090019774450023,1.5603412173869859e-06,0.11146377793737063,0.044300882031022136,-1.2535537380818154,0.001846923532247761,0.26876767130910434,690.1905688224755,nan
Afterimage,cluster,-40.04109440507243,-32.27016979579334,0.12354433536529541,-18.163543253071765,21.877551152000663,7.753272505976661e-05,6.800000000000001,0,nan,nan,179.6355651643221,0.8595075531414702,3.0778460447616657e-06,0.12122458356834857,0.046609148573867054,-1.2825111412694712,0.002118071885219456,0.32451752684648993,2497.7319480399406,nan
Afterimage,bass,-26.60187588417532,-18.82197358963374,0.1811525821685791,-14.839109422092307,11.762766462083015,0.00026101182244947063,6.300000000000001,0,nan,nan,69.60005302053378,0.9999530321977425,2.651918774483322e-07,0.07851582589066734,0.10591840018419713,-1.2561501986891295,0.0024704901909544863,0.2039205449817445,227.29190779320984,nan
Diffuse Halo,impulse,-69.36936512811543,-61.588204683618585,0.35127341747283936,-9.087094281795068,60.282270846320365,1.1292466359040058e-09,5.9,0,nan,0.7697290655667792,12847.614653967545,0.002175059244769553,0.6723479315704227,0.25489744944914045,0.011382011927159994,-3.032307028968435,0.15682201531972711,0.458775976406864,13962041.933861006,nan
Diffuse Halo,pluck,-36.048387061629775,-28.40028804204175,0.12800908088684082,-17.855184413424226,18.19320264820555,0.0009488125518740105,5.0,0,nan,nan,393.2188997136287,0.0015084808385417547,1.8543738713077207e-06,0.09677255290760077,0.07855574773004362,-3.003797566249829,0.1884017692595305,0.3497625549547713,23662.78904626904,nan
Diffuse Halo,vocal,-43.916325363828854,-36.28305664930107,0.05573165416717529,-25.077961329791144,18.83836403403771,0.00017197461889313962,5.699999999999999,0,nan,nan,759.0596712985812,8.615109342590885e-05,2.9975330529130157e-06,0.060638606863985894,0.013350032337597594,-3.0648442754764202,0.16285879395384964,0.11630327193748125,19141.727023654516,2.6486940186464882
Diffuse Halo,pad,-36.04750919170639,-28.321614808372438,0.11219644546508789,-19.0004180379521,17.047091153754288,0.00039920570721937234,4.6,0,nan,nan,239.24860465088284,0.48980235353707385,1.7746427095906648e-07,0.11749160319641447,0.0010627291755346683,-2.998205640292767,0.2720602484342297,0.20818892571414938,3011.4340319858015,nan
Diffuse Halo,percussion,-40.16034176836062,-32.38718038412643,0.18882739543914795,-14.478699943879771,25.681641824480845,2.3377668749790045e-05,4.4,0,nan,nan,5632.20899099457,0.5544413164486369,0.29483558117258835,0.19871417187815874,0.09200658786221169,-3.175808571450503,0.19389760695572436,0.8927465130099314,326926.17177963257,nan
Diffuse Halo,chords,-41.311007986106645,-33.5672917711496,0.10351693630218506,-19.69977179817994,21.611236187926707,8.090438309327415e-05,4.300000000000001,0,nan,nan,200.98598779749952,0.6364631526206465,2.244746466950522e-06,0.11267645559275823,0.037511862691570384,-3.010622188164194,0.28075099784170665,0.29571613817039233,4493.889970396537,nan
Diffuse Halo,piano,-36.50973120213972,-28.82339772627759,0.09992516040802002,-20.00650291804726,16.503228284092458,0.0006113056585070008,4.6,0,nan,nan,336.4875952551484,0.0007173080999310707,2.9848087589487163e-06,0.09384064727886818,0.06440619348705058,-3.006149179693182,0.16343033479338165,0.30596771353352153,1102.467015157049,nan
Diffuse Halo,major,-41.25229574976838,-33.5224015378632,0.10351693630218506,-19.69977179817994,21.55252395158844,0.0001118083743666157,4.300000000000001,0,nan,nan,240.8376294756606,0.46592329693827,3.0036791842945113e-06,0.11772630250790274,0.03512823718876621,-2.930062677769443,0.26586992671129217,0.2708181393764122,917.530854476159,nan
Diffuse Halo,minor,-40.90609994575449,-33.180444278924284,0.10491645336151123,-19.58312797801929,21.3229719677352,0.00013095939532114793,4.300000000000001,0,nan,nan,225.89236413290703,0.5518614131879485,1.956814544513213e-06,0.10778601083653622,0.03852711313173767,-2.8848403238286817,0.2728219484652085,0.25990018161556877,2547.6565335738246,nan
Diffuse Halo,suspended,-40.88540238275735,-33.155159473126005,0.11194908618927002,-19.019588942025464,21.865813440731884,0.0001208514417316103,4.300000000000001,0,nan,nan,233.13802470066054,0.5393062123595437,1.70123216254114e-06,0.12231647898368199,0.03671408097386693,-2.8851479718338657,0.2565699634206997,0.2696692865172386,1461.9232478260983,nan
Diffuse Halo,cluster,-41.53514362485049,-33.80463703308099,0.10114872455596924,-19.900791782687428,21.634351842163063,0.0001035255955203825,4.300000000000001,0,nan,nan,181.0086239735868,0.8161455459261417,2.7091166911373728e-06,0.12653584868225207,0.03838976478151422,-2.967625510020131,0.29790037828127514,0.34936070884318854,154.942642023534,nan
Diffuse Halo,bass,-28.340452638274627,-20.562099911879685,0.1463029384613037,-16.69493902162041,11.645513616654217,0.0001345756724685702,4.699999999999999,0,nan,nan,70.53511095705454,0.985430963020961,1.1240681031452302e-07,0.08060304393278153,0.08645037162037296,-3.020241157996585,0.1555296761419694,0.18132967396186725,2.6157924107142856,nan
Fifth Nebula,impulse,-69.40349379051156,-61.62400847697094,0.34991371631622314,-9.120780664277673,60.28271312623389,6.612458595937435e-09,7.5,0,nan,0.7635325791314443,13508.360861922052,0.001522642316320704,0.7120158630961053,0.26671611456315564,0.0113376712546156,-3.0662105543039484,0.2276979335646874,0.456885737464652,166154.1944190099,nan
Fifth Nebula,pluck,-36.13516700180114,-28.512615500460107,0.16066229343414307,-15.881720756579156,20.253446245221987,0.001089308166978967,7.1,0,nan,nan,397.7675556700247,0.00267562735392702,2.6399884640255776e-06,0.10359221242952668,0.07970259252523511,-2.8779079394123737,0.25754968311970816,0.4119077917254869,104518.370921799,nan
Fifth Nebula,vocal,-42.224798932219244,-34.59784784258173,0.07380902767181396,-22.63781031685282,19.586988615366423,0.00026081062533458375,7.300000000000001,0,nan,nan,736.6709459093678,7.996676709194598e-05,5.02039867977898e-06,0.06965055974959283,0.013317678498761606,-3.0859201010769732,0.22236784066187168,0.1357862379437691,42386.342787883696,4.067603869463929
Fifth Nebula,pad,-35.67652869361415,-27.94994235694723,0.12119901180267334,-18.330018423591948,17.346510270022204,0.0004234410899499808,5.9,0,nan,nan,240.39497486635545,0.38006457387011755,1.6741104906595114e-06,0.10759754197488776,0.0010597216929888599,-3.0228212197176423,0.29953513366054785,0.188321987847502,339.4371065925505,nan
Fifth Nebula,percussion,-40.16076509443609,-32.38716729708864,0.19456768035888672,-14.218585974827977,25.94217911960811,2.1846042562183884e-05,7.0,0,nan,nan,7486.710342511375,0.4255738005602554,0.3934974463356957,0.22642346595572155,0.0923049884253724,-3.147683624810311,0.2257594170941107,0.8790506474743861,331740.9546907283,nan
Fifth Nebula,chords,-41.25018570534992,-33.505347246206895,0.10314619541168213,-19.7309357303915,21.51924997495842,7.85077976269936e-05,5.6,0,nan,nan,201.69026610829516,0.5795164973998841,2.9757467201334697e-06,0.11308855378852899,0.0374227766308339,-3.031274641112374,0.30650682237451293,0.3219181425745688,2373.08203125,nan
Fifth Nebula,piano,-36.545999943348065,-28.87712444148748,0.12826383113861084,-17.837915843886428,18.708084099461637,0.0007061460867764433,7.1,0,nan,nan,338.20617842487,0.0008321806532943787,3.740379194371017e-06,0.09921015906821594,0.06417260987789494,-3.0377077823435235,0.23118060294447582,0.3331295383332177,1030.4090711805557,nan
Fifth Nebula,major,-40.96650101906987,-33.22916515978905,0.10314619541168213,-19.7309357303915,21.235565288678366,0.00010084526178407287,5.699999999999999,0,nan,nan,239.42881659418725,0.3949009218264752,2.7329710678750537e-06,0.108900099958564,0.03558488550335253,-2.817878351842309,0.28887046610588113,0.28951988316796834,965.2799456966102,nan
Fifth Nebula,minor,-40.61789192835157,-32.88856269154615,0.10719513893127441,-19.396498170325923,21.221393758025645,0.00012895963347438736,5.699999999999999,0,nan,nan,223.4303206690454,0.486013477344015,2.9588547673601822e-06,0.09541699892887945,0.03894237953946956,-2.7917199841617184,0.3295105496520497,0.27931904104750294,2508.1441764446017,nan
Fifth Nebula,suspended,-40.83807273330294,-33.10056311796338,0.1120600700378418,-19.010982208663187,21.82709052463975,0.00010346557519689329,5.699999999999999,0,nan,nan,239.1545433075964,0.41651856558616346,2.814711075526597e-06,0.10883425079597489,0.03714733032901389,-2.7832490457747996,0.3021591487681268,0.2798416993837276,320.12316645408157,nan
Fifth Nebula,cluster,-41.5584339328945,-33.82958354649511,0.10106158256530762,-19.90827810493638,21.650155827958123,0.00010480705285586274,5.800000000000001,0,nan,nan,175.34575257685242,0.803468594298378,3.44320513620746e-06,0.10080130164247562,0.03881601765864336,-2.871714997872159,0.3850138632051342,0.34993030990445095,654.3373575015946,nan
Fifth Nebula,bass,-28.458607141763007,-20.68356432673717,0.14595115184783936,-16.715849464127537,11.74275767763547,0.0002643086290202724,6.0,0,nan,nan,78.52054113299758,0.9929410171834213,3.386889116724541e-06,0.09156083296363401,0.0859455961980153,-3.0711058759554315,0.32143589560969227,0.19754778126831704,413.91462333273,nan
Submerged Choir,impulse,-69.57293749363737,-61.792923593885874,0.34371960163116455,-9.275914004476308,60.29702348916106,4.51855114021645e-09,7.4,0,nan,0.7651333072338894,12238.497280186562,0.002623514834300488,0.6436956889647918,0.24898256502880659,0.011134351139243067,-3.2233894894211375,0.2721114775460499,0.42985220747652286,157565.52559988838,nan
Submerged Choir,pluck,-36.33763549831113,-28.675839681202937,0.15019476413726807,-16.466904135708482,19.870731362602648,0.0007583610937086391,7.0,0,nan,nan,394.20641281365323,0.013002962852554239,3.2048288432921166e-06,0.0931490210889212,0.07810407984707522,-3.0538824963228084,0.22253797399001538,0.40249103264843844,18830.858941614275,nan
Submerged Choir,vocal,-44.25509657554892,-36.617186614898614,0.05371248722076416,-25.3984947327011,18.85660184284782,0.00014657177087846766,7.199999999999999,0,nan,nan,755.9733022909734,0.0013438178404296822,6.754855286297013e-06,0.06332151711363392,0.01307962450990254,-3.242585100556403,0.22570520944185843,0.13901451255941225,2719.384765625,8.574369173441685
Submerged Choir,pad,-36.72591266527589,-28.979676959714723,0.10346651077270508,-19.704003929771705,17.021908735504187,0.00020639349184853342,5.800000000000001,0,nan,nan,236.22377166580682,0.45863033898355066,1.9022451556618974e-06,0.09338754071398114,0.0010391620850580363,-3.192991859297427,0.1415609199222683,0.17537062625791722,2919.1936926160697,nan
Submerged Choir,percussion,-40.25730652901323,-32.48223511184522,0.18849563598632812,-14.49397400083442,25.763332528178807,1.6767283312762485e-05,6.4,0,nan,nan,8053.249342213971,0.4080372281914031,0.42322414856966123,0.2099854932020487,0.09116901328179301,-3.2552419788119202,0.2095067324675914,0.804024849271236,272253.7609342482,nan
Submerged Choir,chords,-41.54848866688192,-33.79219044256453,0.10141551494598389,-19.877911996701705,21.670576670180218,4.8631773280818355e-05,5.6,0,nan,nan,191.26380029298053,0.6503683671159998,3.2993604329872048e-06,0.100168257049503,0.035865112279670056,-3.400550893403653,0.18076390218435595,0.29842964860619525,1994.9527810826896,nan
Submerged Choir,piano,-36.7754837049782,-29.07679557885849,0.1138383150100708,-18.87423082264341,17.90125288233479,0.00047627038161030834,7.0,0,nan,nan,329.16548279001887,0.00781885100588481,4.3461394243015425e-06,0.09012175853728455,0.06256807112309792,-3.2576464963557967,0.17888703850394502,0.33057099674226076,1038.346149512297,nan
Submerged Choir,major,-41.81447038586263,-34.06200056113778,0.10141551494598389,-19.877911996701705,21.936558389160922,5.2662480332116365e-05,5.5,0,nan,nan,235.37962224567815,0.4503525620179545,2.0824346181260882e-06,0.09408972395330727,0.033488937485171885,-3.345162432724757,0.1465374332508741,0.27489892768688706,2785.5645261506693,nan
Submerged Choir,minor,-41.501946910846385,-33.74736131426865,0.09984242916107178,-20.013697223422263,21.488249687424123,5.247417185373478e-05,5.4,0,nan,nan,217.36244946150043,0.565517980030084,2.999892714816167e-06,0.07755715547942896,0.03704330272317453,-3.2259756725051596,0.1624730907884058,0.27373053403130265,2762.0154786680537,nan
Submerged Choir,suspended,-41.72191432043409,-33.966879038985425,0.10336685180664062,-19.712374212368992,22.009540108065096,4.906827780779377e-05,5.4,0,nan,nan,231.76935921409319,0.4951503047694592,3.3829809961827585e-06,0.08899496689209041,0.03508427860302113,-3.2795501790728228,0.14938642927395623,0.26976268646510615,3805.557208246534,nan
Submerged Choir,cluster,-41.94352107962395,-34.189526208674344,0.09856343269348145,-20.12568359266026,21.81783748696369,4.842104072438236e-05,5.6,0,nan,nan,165.65667166849786,0.9018721183989651,3.2110222041902782e-06,0.10917704978955839,0.0372556250800782,-3.2280974441271235,0.1728247208786221,0.3573210871167048,475.5913112079862,nan
Submerged Choir,bass,-28.550806433031013,-20.774238277556503,0.14559900760650635,-16.736831702724327,11.813974730306686,0.00019069001000374705,5.9,0,nan,nan,76.00122851482429,0.9999102295289912,3.454116244550442e-06,0.07196597440410202,0.08493107814084824,-3.174245704212795,0.28350733554850593,0.19910873048659034,404.4799701173752,nan
Prism Drift,impulse,-69.16054197095468,-61.37908633974503,0.3619725704193115,-8.826486764302222,60.33405520665246,1.616745057830826e-10,4.3,0,nan,0.7721821308868759,11909.085256606311,0.0023178742916448855,0.665471516755979,0.266748385666687,0.011721862240503193,-2.776755494479151,0.11704465766330337,0.46035076279978543,54221.30584716797,nan
Prism Drift,pluck,-35.852861546335035,-28.131109067366328,0.13987481594085693,-17.085209438894427,18.767652107440608,0.0004967397214712846,3.8,0,nan,nan,386.9958002410413,0.0012970961586842018,4.328983958471978e-06,0.10909086166807322,0.08149374028294254,-2.684871884364542,0.125689255524412,0.3851400982797851,24756.409946145995,nan
Prism Drift,vocal,-43.56349192361699,-35.872120022282424,0.05868685245513916,-24.629183646505147,18.934308277111846,0.00012653256103289207,4.0,0,nan,nan,751.8706248036636,8.674215420806214e-05,1.8394560044515053e-05,0.06946069643431256,0.013795029353314127,-2.7800380509058558,0.11276010165490186,0.1491581983291828,9910.979485429283,4.6798717595341985
Prism Drift,pad,-36.21669086397876,-28.45847854424057,0.11269676685333252,-18.96177086415298,17.25491999982578,0.00017891943571400596,3.2,0,nan,nan,245.2314330735978,0.3995286331115556,2.543717253259586e-06,0.1132373454638966,0.001096348318944423,-2.727686611856221,0.14339905260740735,0.16982487824545572,4551.94061403633,nan
Prism Drift,percussion,-39.89108753654069,-32.11306657175104,0.1947481632232666,-14.210532594110429,25.68055494243026,1.1530828851949189e-05,3.0,0,nan,nan,6103.524999416086,0.5356041244062467,0.3201724834081297,0.2188181040200276,0.09502003661955549,-2.895883199212938,0.13168288282533336,0.9477268946484639,116198.83881518123,nan
Prism Drift,chords,-41.065494343274224,-33.30201347437166,0.10666024684906006,-19.439948310857595,21.62554603241663,4.53661578239819e-05,2.9000000000000004,0,nan,nan,191.51560247867735,0.666922870092773,4.317283830555906e-06,0.12643184167569754,0.03891619017268462,-2.691388448944157,0.15721661833501965,0.30182895148475364,1969.757080078125,nan
Prism Drift,piano,-36.25547237190869,-28.525158098685672,0.11430537700653076,-18.838666792034914,17.416805579873774,0.0003881749260669253,3.4000000000000004,0,nan,nan,330.6647580043738,0.0006512971073628193,4.941892906153661e-06,0.11008489249090372,0.06746576572711424,-2.603032749339364,0.11626481090195966,0.3415805518759047,344.0380096435547,nan
Prism Drift,major,-41.350314374577344,-33.58767191462265,0.10666024684906006,-19.439948310857595,21.91036606371975,4.436686085013116e-05,2.9000000000000004,0,nan,nan,242.9319988128393,0.4140013218370826,3.954593125294691e-06,0.113741161087693,0.03558908037179066,-2.816854489706935,0.14393518327504629,0.26835538627138655,3391.5312268218977,nan
Prism Drift,minor,-41.29358049990031,-33.53192004612597,0.10096263885498047,-19.916786136408597,21.37679436349171,4.729268426114593e-05,2.9000000000000004,0,nan,nan,246.08643027455435,0.3715602336540185,4.051045950530882e-06,0.1121453739726935,0.03783850815935485,-3.0414895806631694,0.14592413931820128,0.26488418228669836,3647.1896701388896,nan
Prism Drift,suspended,-41.42773140856701,-33.667163122390555,0.10474872589111328,-19.597025017223622,21.83070639134339,4.842349465086497e-05,2.9000000000000004,0,nan,nan,248.4561835304425,0.3820502644655342,4.250617142478401e-06,0.13139197327384694,0.036044582498681296,-3.0450012105609616,0.14746804323042798,0.26087590790937826,2708.821296089903,nan
Prism Drift,cluster,-41.345848678068705,-33.581707776788924,0.10624980926513672,-19.473436818056168,21.872411860012537,4.0829748116990284e-05,2.9000000000000004,0,nan,nan,172.9001367563433,0.8664637731899759,4.797003835306261e-06,0.1429705568461332,0.040090085889470155,-2.5911947993084334,0.1726005182631257,0.3603094554287107,428.619384765625,nan
Prism Drift,bass,-28.27331043017679,-20.494316291199596,0.14973950386047363,-16.493272203512547,11.780038226664242,0.00012072938969723183,3.0999999999999996,0,nan,nan,68.28843225205131,0.9993122133985025,1.7457526307005335e-06,0.08347711665241034,0.08751764845169369,-2.9136656498033076,0.09762758612273968,0.1910138100422933,379.3832096276754,nan
Ghost Room,impulse,-67.73212960267612,-59.95084475940261,0.43742835521698,-7.181861366290914,60.55026823638521,3.291433945840083e-09,7.0,0,13.720445813313686,0.8974081997726112,13488.500854638469,0.0029641818795444566,0.7003330662518498,0.18756192190397292,0.014129323502038642,-1.154260381158097,0.00047866606129131,0.4420500904137099,97651.75813753928,nan
Ghost Room,pluck,-34.418062592697574,-26.668817111532004,0.15120935440063477,-16.40842681705186,18.009635775645712,0.001084559163903306,6.5,0,nan,nan,377.2200057328423,0.003036181682756203,2.9096674293132935e-07,0.06666830054369369,0.09816813764634168,-1.0679458611943795,0.0015759669327612934,0.3434299862798753,29842.71850436926,nan
Ghost Room,vocal,-40.98024513518667,-33.260442033901036,0.07889890670776367,-22.058580294259002,18.92166484092767,0.0004563069881217241,6.9,0,nan,nan,726.2657543112399,7.641020843539036e-05,2.602019308201182e-07,0.0397839988937509,0.016766434139006504,-1.0856764831501484,0.001403298137468581,0.11005783054519705,16088.679063369822,2.3149894908660027
Ghost Room,pad,-33.876948340300174,-26.107299798107768,0.14264631271362305,-16.914789000127374,16.9621593401728,0.00045286657717762856,5.6,0,nan,nan,225.84495592970552,0.5039132366266432,4.536072234830127e-08,0.07292209406196773,0.0013274893437426989,-1.0660368419491542,0.0018678919020599179,0.20924857601550326,1000.687648920246,nan
Ghost Room,percussion,-38.239412008931346,-30.460232188155526,0.23593997955322266,-12.543969251112479,25.695442757818867,3.264582041060808e-05,6.5,0,nan,nan,4094.1230775281274,0.6829364123146745,0.21040275536548275,0.12697332443881768,0.11540974212629596,-1.2073376556768927,0.0008685679043572472,0.801029756511114,348398.645181061,nan
Ghost Room,chords,-39.3281914727248,-31.556750548109612,0.12889528274536133,-17.79525952960334,21.532931943121458,0.00010955061642412482,5.300000000000001,0,nan,nan,183.04594492710135,0.6870734638259919,7.167782119499885e-07,0.07930096487923811,0.04683179644766456,-1.0831784399655073,0.001612609296270586,0.31652712124439564,1950.0000047634094,nan
Ghost Room,piano,-34.77792729030003,-27.021958909061063,0.12191998958587646,-18.278501662018066,16.499425628281962,0.0007907120485724436,5.6,0,nan,nan,324.7121236813849,0.0010509852071568391,1.321788059372102e-06,0.06541794606160754,0.08091864305087142,-1.0237300005907521,0.0015861880271210683,0.3050881506609227,952.3099288344383,nan
Ghost Room,major,-39.118160975341084,-31.347882888313727,0.12889528274536133,-17.79525952960334,21.322901445737745,0.00012814497398819406,5.199999999999999,0,nan,nan,225.50955953705952,0.5039073122935612,9.1190827071158e-07,0.07350163671953523,0.043944213918729984,-0.9851558047970812,0.0014661627558611764,0.2604975703164149,670.615493840072,nan
Ghost Room,minor,-39.13401794341723,-31.364105105976783,0.1282714605331421,-17.83739920480343,21.296618738613798,0.00013182815514290792,5.199999999999999,0,nan,nan,228.69989844829198,0.4651647665638555,1.1219666625852748e-06,0.07078198444290928,0.047810809099939455,-1.009647821582757,0.0015347234354530443,0.23580258528706036,996.9186688387913,nan
Ghost Room,suspended,-39.205220137335445,-31.435019407012295,0.135198712348938,-17.38054889309681,21.824671244238633,0.00012656342983848035,5.199999999999999,0,nan,nan,232.02527440172454,0.4565488477643365,9.145597410741925e-07,0.07618898124224,0.04549504341991854,-1.0225195233791264,0.001683219701346431,0.24842667319763298,123.36263532204094,nan
Ghost Room,cluster,-39.67681796233624,-31.90916926231028,0.1268090009689331,-17.936998378233643,21.739819584102595,0.00013903005163646797,5.4,0,nan,nan,160.54123839524058,0.9041465907326149,1.0314431134786755e-06,0.09190061423125327,0.047855319886404006,-1.0533300612049554,0.0018152599945474974,0.3422356547667105,218.90598276695428,nan
Ghost Room,bass,-26.517928234837708,-18.737722504930126,0.18160796165466309,-14.817302320385302,11.700625914452406,0.0002718899298893103,4.699999999999999,0,nan,nan,72.53111101359212,0.9999855572845265,3.018933811137069e-08,0.04784173471740038,0.10722539656204894,-1.1496252257768032,0.0018622670599845034,0.192961397711278,546.5542481391778,nan
