preset,Low Orbit,Tidal Lock,Trade Winds,Solar Wind,Escape Velocity,Zero-G,Event Horizon,Glass Transit,Cassette Moon,Pulsar Eighths,Frozen Choir,Dark Matter,Microgravity Slap,Long Shadow,Afterimage,Diffuse Halo,Fifth Nebula,Submerged Choir,Prism Drift,Ghost Room
Low Orbit,1.0,0.3153463917787185,0.4722509455210423,0.23965044450602482,0.33582986535157455,0.22204037706721202,0.1586096095765507,0.24693005622206352,0.48088131684677554,0.34033052556990084,0.1645039741999401,0.21189158095545055,0.432891190437411,0.1552565700291279,0.21604082284700082,0.22072361242744418,0.18844970187752852,0.2136334701320464,0.2670898554335509,0.2787786725213167
Tidal Lock,0.3153463917787185,1.0,0.43988909119334507,0.3079167023185308,0.3995714438447775,0.4542714935182146,0.28166828166229935,0.28477679101799713,0.3435193507288654,0.24091581241817692,0.2376609807553794,0.23565262642688745,0.21672031715809045,0.24788238886301636,0.2814118183432603,0.3142821049099257,0.26354735721841227,0.2841309398130558,0.3474900558640556,0.26620020463717303
Trade Winds,0.4722509455210423,0.43988909119334507,1.0,0.26784089392240046,0.431387863223015,0.30764062510492296,0.21543243723362443,0.2526120364883479,0.4319031643843294,0.2867529125707125,0.18687819248353318,0.24891871548429256,0.29357772599746984,0.19954984736303447,0.25356348172238435,0.25738097945019983,0.2058452610573018,0.22369627569218675,0.29805233610101006,0.29437099265851807
Solar Wind,0.23965044450602482,0.3079167023185308,0.26784089392240046,1.0,0.3746655294657557,0.33164683044888,0.2097728026839481,0.38618482008324345,0.19904223364191242,0.23867668778213444,0.37702570961743764,0.19947432807130025,0.1794109434984862,0.20110066602656654,0.2780373431403488,0.4245183580209238,0.49046387440222694,0.3668499461137103,0.42719879505229413,0.2711814286415669
Escape Velocity,0.33582986535157455,0.3995714438447775,0.431387863223015,0.3746655294657557,1.0,0.34409504014113856,0.2174446883042573,0.29044405610502966,0.26960581075975976,0.2552574236425117,0.21281696914663906,0.20697346252024584,0.23427498306844963,0.2048286336503763,0.29393486956962045,0.33915990933076395,0.2732500867394696,0.27879611108469277,0.38988817378138063,0.3013107549470382
Zero-G,0.22204037706721202,0.4542714935182146,0.30764062510492296,0.33164683044888,0.34409504014113856,1.0,0.44800973679330486,0.2203190003505962,0.22254660202047102,0.19673858979953454,0.22249846095767128,0.27020081261980666,0.14309253857984605,0.31740624388381317,0.30339432813986666,0.2974585064751813,0.26893707870715755,0.2559610288292941,0.2804234777136972,0.28335710778047396
Event Horizon,0.1586096095765507,0.28166828166229935,0.21543243723362443,0.2097728026839481,0.2174446883042573,0.44800973679330486,1.0,0.15010566740956857,0.17130398371023256,0.1281854644551942,0.16240118510648574,0.25859298302854755,0.10608026242831067,0.3228752169463298,0.2507252994137612,0.19880336665611045,0.18752836047740934,0.18037635907159935,0.1816552340747987,0.22826656168374293
Glass Transit,0.24693005622206352,0.28477679101799713,0.2526120364883479,0.38618482008324345,0.29044405610502966,0.2203190003505962,0.15010566740956857,1.0,0.20885747632282095,0.22918972006619903,0.3359017218074907,0.1456766418314419,0.19207405587972384,0.15094094277931827,0.22333041368111517,0.4364116173325385,0.41239530856871265,0.322673093582025,0.41028903966867913,0.2150805311902125
Cassette Moon,0.48088131684677554,0.3435193507288654,0.4319031643843294,0.19904223364191242,0.26960581075975976,0.22254660202047102,0.17130398371023256,0.20885747632282095,1.0,0.2687546825661664,0.15143182347638573,0.22885212882978637,0.28259561163023694,0.16411458748539515,0.1983598940160664,0.19293590798141302,0.16092084609390506,0.18385229952636617,0.2298951703078695,0.22561393274548153
Pulsar Eighths,0.34033052556990084,0.24091581241817692,0.2867529125707125,0.23867668778213444,0.2552574236425117,0.19673858979953454,0.1281854644551942,0.22918972006619903,0.2687546825661664,1.0,0.15442580346406176,0.13439293231667704,0.27580464109444497,0.15991800708592038,0.21722454553428006,0.20160289937765585,0.18126186808269412,0.186116330290215,0.24650974039080586,0.23863977672614725
Frozen Choir,0.1645039741999401,0.2376609807553794,0.18687819248353318,0.37702570961743764,0.21281696914663906,0.22249846095767128,0.16240118510648574,0.3359017218074907,0.15143182347638573,0.15442580346406176,1.0,0.16673724199792392,0.12957300679557593,0.14437505766025016,0.17504401876916514,0.4015278177014906,0.43484329387816245,0.378177768193453,0.3351117176641202,0.16152823816470058
Dark Matter,0.21189158095545055,0.23565262642688745,0.24891871548429256,0.19947432807130025,0.20697346252024584,0.27020081261980666,0.25859298302854755,0.1456766418314419,0.22885212882978637,0.13439293231667704,0.16673724199792392,1.0,0.13465672485946284,0.16297906749962746,0.15819554207993725,0.18954361348646273,0.15481979054111347,0.2172867062228218,0.16245989664738897,0.18492664088061456
Microgravity Slap,0.432891190437411,0.21672031715809045,0.29357772599746984,0.1794109434984862,0.23427498306844963,0.14309253857984605,0.10608026242831067,0.19207405587972384,0.28259561163023694,0.27580464109444497,0.12957300679557593,0.13465672485946284,1.0,0.12062572313989715,0.18399816992510556,0.1729854686221185,0.1449297715098366,0.1680388167061092,0.20545358905873673,0.23540267437240334
Long Shadow,0.1552565700291279,0.24788238886301636,0.19954984736303447,0.20110066602656654,0.2048286336503763,0.31740624388381317,0.3228752169463298,0.15094094277931827,0.16411458748539515,0.15991800708592038,0.14437505766025016,0.16297906749962746,0.12062572313989715,1.0,0.40868085824162026,0.19533717870799772,0.20107074617627588,0.17939874463423774,0.2040959054102527,0.3063251206730774
Afterimage,0.21604082284700082,0.2814118183432603,0.25356348172238435,0.2780373431403488,0.29393486956962045,0.30339432813986666,0.2507252994137612,0.22333041368111517,0.1983598940160664,0.21722454553428006,0.17504401876916514,0.15819554207993725,0.18399816992510556,0.40868085824162026,1.0,0.2906645133568186,0.27090341989097183,0.22349002597327852,0.30185279518093666,0.5426651092622611
Diffuse Halo,0.22072361242744418,0.3142821049099257,0.25738097945019983,0.4245183580209238,0.33915990933076395,0.2974585064751813,0.19880336665611045,0.4364116173325385,0.19293590798141302,0.20160289937765585,0.4015278177014906,0.18954361348646273,0.1729854686221185,0.19533717870799772,0.2906645133568186,1.0,0.4372817063641051,0.37824167185859164,0.4537225566282538,0.26758176082485285
Fifth Nebula,0.18844970187752852,0.26354735721841227,0.2058452610573018,0.49046387440222694,0.2732500867394696,0.26893707870715755,0.18752836047740934,0.41239530856871265,0.16092084609390506,0.18126186808269412,0.43484329387816245,0.15481979054111347,0.1449297715098366,0.20107074617627588,0.27090341989097183,0.4372817063641051,1.0,0.38822205422439865,0.42445553242788464,0.2340410739341581
Submerged Choir,0.2136334701320464,0.2841309398130558,0.22369627569218675,0.3668499461137103,0.27879611108469277,0.2559610288292941,0.18037635907159935,0.322673093582025,0.18385229952636617,0.186116330290215,0.378177768193453,0.2172867062228218,0.1680388167061092,0.17939874463423774,0.22349002597327852,0.37824167185859164,0.38822205422439865,1.0,0.4204464961173897,0.2091969303490768
Prism Drift,0.2670898554335509,0.3474900558640556,0.29805233610101006,0.42719879505229413,0.38988817378138063,0.2804234777136972,0.1816552340747987,0.41028903966867913,0.2298951703078695,0.24650974039080586,0.3351117176641202,0.16245989664738897,0.20545358905873673,0.2040959054102527,0.30185279518093666,0.4537225566282538,0.42445553242788464,0.4204464961173897,1.0,0.2693966887518359
Ghost Room,0.2787786725213167,0.26620020463717303,0.29437099265851807,0.2711814286415669,0.3013107549470382,0.28335710778047396,0.22826656168374293,0.2150805311902125,0.22561393274548153,0.23863977672614725,0.16152823816470058,0.18492664088061456,0.23540267437240334,0.3063251206730774,0.5426651092622611,0.26758176082485285,0.2340410739341581,0.2091969303490768,0.2693966887518359,1.0
