from,to,peak,rms_db,adjacent_rms_delta_db
-1,0,0.108014,-33.0154,0
0,1,0.111023,-34.2222,-1.20676
1,2,0.115675,-33.2511,0.971104
2,3,0.119606,-33.5593,-0.308233
3,4,0.108988,-33.0648,0.494504
4,5,0.0944217,-34.228,-1.1632
5,6,0.09938,-34.3421,-0.114134
6,7,0.128911,-33.6765,0.665661
7,8,0.105294,-33.1938,0.482658
8,9,0.11064,-32.9587,0.23511
9,10,0.0934423,-34.1481,-1.1894
10,11,0.101141,-33.968,0.180048
11,12,0.118164,-32.1388,1.8292
12,13,0.123502,-32.3903,-0.251442
13,14,0.128449,-31.926,0.464307
14,15,0.10203,-33.4709,-1.54497
15,16,0.0978507,-33.3816,0.0893299
16,17,0.100078,-33.4462,-0.0645979
17,18,0.123475,-33.4207,0.0254953
18,19,0.126828,-31.5327,1.88803
19,19,0.128197,-31.6089,-0.0762258
19,18,0.103314,-33.1621,-1.55315
18,17,0.108677,-33.5805,-0.418391
17,16,0.102111,-33.3032,0.277219
16,15,0.106173,-33.4177,-0.114513
15,14,0.125719,-31.9916,1.42612
14,13,0.129562,-32.292,-0.30035
13,12,0.119453,-32.132,0.15998
12,11,0.104738,-33.9015,-1.76952
11,10,0.0938967,-34.2389,-0.337397
10,9,0.113399,-32.9621,1.27684
9,8,0.109646,-33.1962,-0.234075
8,7,0.102825,-33.6119,-0.415745
7,6,0.102551,-34.3711,-0.759202
6,5,0.101821,-34.404,-0.0329405
5,4,0.11427,-33.0989,1.30513
4,3,0.119104,-33.5032,-0.404277
3,2,0.105647,-33.2418,0.261351
2,1,0.113532,-34.157,-0.915182
1,0,0.107425,-32.9835,1.17348
