atmos,interval,shimmer,regen,bloom,retention,energy_ratio,captured_rms_ratio,captured_energy_ratio,peak,lf_initial,lf_final,hf_initial,hf_final,max_growth,entry_step,exit_step
0,0,0.15,0.10,0.10,0.841697693,0.708455006,0.891055447,0.793979809,0.166402236,0.372489939,0.393836437,0.0054332231,0.00418195202,1,0.0229604207,0.00884187827
0,0,0.15,0.10,0.90,0.841688859,0.708440135,0.891018353,0.793913705,0.169963524,0.378273432,0.398583133,0.00515662743,0.00395096783,1,0.0229416788,0.00882932637
0,0,0.15,0.90,0.10,0.82282065,0.677033822,0.827868231,0.685365807,0.177276239,0.354142301,0.375556507,0.00670608818,0.00547210056,1,0.0231299922,0.00877694879
0,0,0.15,0.90,0.90,0.822934777,0.677221648,0.825452777,0.681372286,0.179661497,0.357651837,0.378692898,0.00655717672,0.00533492626,1.00041803,0.0231568143,0.00874479534
0,0,0.90,0.10,0.10,0.839786178,0.705240824,0.88725866,0.78722793,0.166416377,0.372454259,0.393419487,0.00543554288,0.00420384036,1,0.0229068473,0.00884214975
0,0,0.90,0.10,0.90,0.839746302,0.705173851,0.887188382,0.787103225,0.169984952,0.378243082,0.398194957,0.00515880995,0.00397171965,1,0.0228884742,0.0088288472
0,0,0.90,0.90,0.10,0.821731967,0.675243426,0.826115047,0.682466071,0.176813006,0.354044828,0.375094532,0.00670182101,0.00548640965,1,0.0230498314,0.00879014796
0,0,0.90,0.90,0.90,0.821840387,0.675421622,0.823805458,0.678655433,0.179136589,0.357525037,0.378209145,0.00655250188,0.0053487492,1,0.023073718,0.0087597277
0,1,0.15,0.10,0.10,0.841606267,0.708301109,0.892700669,0.796914484,0.166367382,0.371198555,0.392557478,0.00544530708,0.00419217672,1,0.0230589323,0.00880095735
0,1,0.15,0.10,0.90,0.841582476,0.708261063,0.892853614,0.797187576,0.169415832,0.376623943,0.39695761,0.00517177154,0.00396360517,1,0.0230442211,0.00890049106
0,1,0.15,0.90,0.10,0.82143852,0.674761243,0.831395202,0.691217981,0.175952017,0.342243642,0.362907769,0.00708287219,0.00577922484,1.01332578,0.0255369022,0.0109298853
0,1,0.15,0.90,0.90,0.821287271,0.674512781,0.829337391,0.687800507,0.177872479,0.34560912,0.36592137,0.00693213269,0.00564128802,1.01635265,0.0254930323,0.0108679975
0,1,0.90,0.10,0.10,0.839695751,0.705088955,0.888938199,0.790211121,0.166508719,0.371158321,0.392139028,0.00544775872,0.00421419297,1,0.0229473971,0.00880417787
0,1,0.90,0.10,0.90,0.839641858,0.70499845,0.889061555,0.790430449,0.169575319,0.376588134,0.396567583,0.0051741071,0.00398450436,1,0.0229318962,0.00890455162
0,1,0.90,0.90,0.10,0.820465867,0.673164239,0.829844378,0.688641692,0.175790444,0.342271086,0.362575683,0.00707391839,0.00578988471,1.01196313,0.0256333165,0.0109456312
0,1,0.90,0.90,0.90,0.820335456,0.67295026,0.827921656,0.685454268,0.177690938,0.345660532,0.365618386,0.00692157182,0.00565045159,1.01484819,0.025505051,0.0108863725
0,2,0.15,0.10,0.10,0.841564883,0.708231452,0.895405303,0.801750656,0.161636263,0.371019397,0.392430261,0.00545473355,0.00419778878,1,0.0221639276,0.00889345864
0,2,0.15,0.10,0.90,0.841547574,0.70820232,0.896021513,0.802854552,0.164925277,0.376410172,0.396808815,0.00518257387,0.00397002042,1,0.0221619308,0.00899516232
0,2,0.15,0.90,0.10,0.82742949,0.684639562,0.870595788,0.757937026,0.184361368,0.334972042,0.351764066,0.00696526488,0.00575565642,1,0.0336136967,0.0113863684
0,2,0.15,0.90,0.90,0.827597117,0.684916988,0.872664093,0.76154262,0.186498404,0.337679836,0.353940092,0.00679196983,0.00560329569,1,0.0336720794,0.01135098
0,2,0.90,0.10,0.10,0.839657241,0.705024283,0.891567389,0.794892408,0.161840677,0.37097737,0.392008915,0.00545729797,0.00421992447,1,0.0222239345,0.0088843205
0,2,0.90,0.10,0.90,0.839610022,0.704944989,0.892145217,0.795923087,0.165154487,0.376372405,0.396415488,0.00518502521,0.00399104495,1,0.0222231895,0.00898530427
0,2,0.90,0.90,0.10,0.826269645,0.682721526,0.867249785,0.75212219,0.183945313,0.335196437,0.35175946,0.00696655287,0.00577117893,1,0.0334501266,0.0113993636
0,2,0.90,0.90,0.90,0.826440472,0.683003854,0.869224754,0.755551673,0.186034098,0.337958432,0.354004018,0.00679317904,0.0056181418,1,0.0334981903,0.0113636539
1,0,0.15,0.10,0.10,0.840721375,0.706812431,0.896837475,0.804317457,0.169209614,0.3722035,0.393479109,0.00544773262,0.00420072775,1,0.0231307596,0.00885770656
1,0,0.15,0.10,0.90,0.840260942,0.70603845,0.894036915,0.799302006,0.173515648,0.378030153,0.39821264,0.00516887646,0.00397097703,1,0.0230696499,0.00892171916
1,0,0.15,0.90,0.10,0.821928797,0.675566948,0.833194779,0.69421354,0.179382324,0.353831078,0.375159836,0.00672294935,0.00549560428,1.00221769,0.0233332291,0.00870188512
1,0,0.15,0.90,0.90,0.821628177,0.675072861,0.828595585,0.686570643,0.182739303,0.357361265,0.378252206,0.00657236733,0.00536138835,1.00471206,0.023321256,0.00873118732
1,0,0.90,0.10,0.10,0.838813658,0.703608353,0.892962458,0.797381951,0.169223621,0.372166349,0.393058998,0.00545015104,0.00422278448,1,0.0230771042,0.00885792775
1,0,0.90,0.10,0.90,0.838323168,0.702785734,0.890134942,0.792340216,0.173537314,0.377997977,0.397820891,0.0051711811,0.00399192515,1,0.0230163261,0.00892186863
1,0,0.90,0.90,0.10,0.820847052,0.673789882,0.831388622,0.69120704,0.17885612,0.353730376,0.374694449,0.00671877522,0.00551000586,1.00139913,0.0232518464,0.00867927819
1,0,0.90,0.90,0.90,0.820542883,0.673290623,0.826899755,0.683763204,0.182153568,0.357231032,0.377764528,0.00656780676,0.00537531336,1.00379336,0.0232369155,0.00870585628
1,1,0.15,0.10,0.10,0.840639114,0.706674121,0.898601003,0.807483762,0.163954392,0.370899518,0.392195843,0.00546005556,0.00421100945,1,0.0232288092,0.00888960203
1,1,0.15,0.10,0.90,0.840165372,0.705877852,0.89603925,0.802886338,0.167565688,0.37636371,0.396579013,0.00518433964,0.00398372881,1,0.02327435,0.00901026605
1,1,0.15,0.90,0.10,0.820602506,0.673388472,0.83721829,0.700934465,0.178983703,0.341837861,0.362385288,0.00710302826,0.00580377874,1.01739646,0.0257573389,0.0110183759
1,1,0.15,0.90,0.90,0.820051805,0.672484964,0.833163937,0.694162146,0.181273997,0.345233801,0.365351063,0.00695066002,0.00566886153,1.02056325,0.0258611841,0.0109672095
1,1,0.90,0.10,0.10,0.838732499,0.703472205,0.894761769,0.800598623,0.164097548,0.370857643,0.391774144,0.00546260772,0.00423319361,1,0.0231949734,0.0088927648
1,1,0.90,0.10,0.90,0.838229772,0.702629151,0.892174401,0.795975161,0.167638242,0.376326021,0.396185429,0.00518679678,0.00400482136,1,0.0233043265,0.00901421765
1,1,0.90,0.90,0.10,0.819633736,0.671799462,0.835598108,0.698224198,0.178825974,0.341864848,0.362051656,0.0070940602,0.00581451642,1.01604304,0.0257573025,0.011034729
1,1,0.90,0.90,0.90,0.819104682,0.67093248,0.831672867,0.691679757,0.181097284,0.345284422,0.365046137,0.00694010008,0.0056781191,1.01907317,0.0258583622,0.0109861773
1,2,0.15,0.10,0.10,0.84060041,0.70660905,0.901265108,0.812278795,0.164736435,0.370720296,0.392068248,0.00546937941,0.00421662452,1,0.0224454319,0.00898129912
1,2,0.15,0.10,0.90,0.840133185,0.705823768,0.899121312,0.808419135,0.168364942,0.376150161,0.396429869,0.0051950131,0.00399014699,1,0.0224802438,0.00910524186
1,2,0.15,0.90,0.10,0.82662764,0.683313255,0.875955476,0.767297995,0.186582834,0.334628749,0.351286775,0.00698465158,0.00578126227,1,0.0339202583,0.0113142463
1,2,0.15,0.90,0.90,0.826429463,0.682985657,0.875888202,0.767180143,0.189274639,0.337363099,0.353399864,0.00680924266,0.00563119068,1,0.0339927822,0.0112946089
1,2,0.90,0.10,0.10,0.838696562,0.703411923,0.897345888,0.805229642,0.164943069,0.370676737,0.391643751,0.00547204055,0.00423892481,1,0.0225265939,0.0089721214
1,2,0.90,0.10,0.90,0.838200504,0.702580086,0.895171219,0.801331512,0.168597177,0.376110448,0.396032929,0.00519758887,0.00401136916,1,0.0225595608,0.00909534376
1,2,0.90,0.90,0.10,0.825468982,0.68139904,0.872560805,0.761362358,0.186165407,0.334849625,0.35127778,0.00698603813,0.00579690785,1,0.0337561816,0.0113274562
1,2,0.90,0.90,0.90,0.825273764,0.681076785,0.872402777,0.761086606,0.188808814,0.337638817,0.353460095,0.00681053824,0.00564617517,1,0.033818543,0.0113074919
