build,repeat,rate,block,mode,load_percent
M12,0,48000,128,Hardware,2.54
M12,0,48000,128,Studio,2.75
M12,0,192000,256,Studio,10.49
M13,0,48000,128,Hardware,2.53
M13,0,48000,128,Studio,2.8
M13,0,192000,256,Studio,10.86
M13,1,48000,128,Hardware,2.49
M13,1,48000,128,Studio,2.72
M13,1,192000,256,Studio,10.38
M12,1,48000,128,Hardware,2.54
M12,1,48000,128,Studio,2.87
M12,1,192000,256,Studio,10.55
M12,2,48000,128,Hardware,2.54
M12,2,48000,128,Studio,3.01
M12,2,192000,256,Studio,10.38
M13,2,48000,128,Hardware,2.5
M13,2,48000,128,Studio,2.78
M13,2,192000,256,Studio,10.51
