preset,source,delta_active_rms_db,delta_crest_db,delta_tail_energy,delta_decay_proxy_s,delta_centroid_hz,delta_lf_fraction,delta_hf_fraction,delta_width,delta_transient_preservation_db,delta_shimmer_contribution,delta_modulation_proxy,delta_dominant_pitch_variance_hz2,delta_peak,delta_transient_rms
Low Orbit,impulse,0.14621617717049418,0.046970248943949855,-1.875240703460198e-15,-0.40000000000000013,789.9039749563126,-0.0008167203283732461,0.0359764057762233,-0.0665468429654321,0.1874986832069565,-0.16311692537596498,-0.0040765361915076626,158433.79224106215,0.00812828540802002,0.00025526876251913584
Low Orbit,pluck,0.19331667089412008,-0.07687915188763128,-0.0003101018363262586,-0.5,-16.406947423880013,0.0016596033405844456,-1.5127787074744563e-06,-0.025016569868328224,0.30027480728157485,-0.1565465533282707,-0.009826685873624508,55.730904510894106,0.0013593435287475586,0.002853282377019442
Low Orbit,vocal,-0.3069210291060145,0.39902349950488514,-4.494317927916243e-05,-0.5999999999999996,7.460146603075373,0.00015339234983595523,-1.1828481613060652e-06,-0.025394757832917506,0.2223777923219905,-0.12299393991882646,0.0019398778118516757,11920.388884484804,0.0003952980041503906,0.00035613017213299153
Low Orbit,pad,1.0387791070154542,0.10577329743040309,-9.802707438410162e-05,-0.3000000000000007,-2.8104294217969255,0.005318385628534539,-6.151862447946919e-09,-0.025747051954291805,0.19093679760828897,-0.18842917477051216,-0.00588858281546914,-323.74489601685013,0.014840245246887207,2.435219847181022e-05
Low Orbit,percussion,0.7689078957155431,-0.4802410940267805,-3.018652217944965e-05,-0.40000000000000036,126.53042672898573,-0.015396238106104798,0.009627713153890799,-0.05463585144418797,0.31532216053435524,-0.15878593298955207,-0.06752039221053863,5.581989979553477,0.006328463554382324,0.0034739180864872266
Low Orbit,chords,0.4928067813480794,-0.2468660895000916,-2.2648043419686734e-05,-0.40000000000000036,-1.540222682505572,-0.02847838985153983,4.4358487441608996e-07,-0.028760057935666314,0.15468977714170906,-0.2117568490956402,-0.014849000846546945,-226.34915293904032,0.002895355224609375,0.0006889156895907161
Tidal Lock,impulse,-0.706854585370813,0.21269593265424902,9.050582385761175e-10,2.5,-1408.120548644687,-0.0006015705864521404,-0.08792554360065363,0.019288072388197713,-0.519915173875531,-0.19558131187467806,-0.07580323422728313,-3624.1468962619256,-0.01933133602142334,-0.0006609524784235762
Tidal Lock,pluck,-0.7376842105220263,0.0939517890784991,-0.0006630704529424014,1.0,-12.314903526099783,-0.00015994051388763635,-1.4306848346274618e-06,0.006932710211182955,-0.3518304362592981,-0.19847631477718783,-0.01302170158284871,18505.716115144845,-0.013841390609741211,-0.003111798849769448
Tidal Lock,vocal,-0.07322404618516742,-0.4204575962364814,-3.506032326705232e-05,1.4000000000000004,11.579508680837534,-0.0001298406096320906,-2.1331051704032667e-06,0.011424345873377956,-0.4405862638289979,-0.17074719292642795,-0.008992947351532693,32499.76651996751,-0.003589630126953125,-0.0006516723210630623
Tidal Lock,pad,-1.5998097044747084,-0.30888863827720314,-0.0003191341086734676,0.5,-16.02191247107166,0.07564377590902416,2.0791209387816504e-08,0.005368771598293756,-0.504910831421892,-0.19586749561001496,0.023373345958989294,-11781.42406812801,-0.024855494499206543,-5.989677416610951e-05
Tidal Lock,percussion,0.20379671342436012,-0.4584542369871407,-4.8864470270979505e-05,1.4999999999999991,775.2995814901951,-0.06515579454272458,0.03894193111607244,-0.002325075939618476,-0.26220619773417075,-0.1984150358159685,-0.09135720236448985,391408.70230919815,-0.006096243858337402,-0.0026833625090918883
Tidal Lock,chords,-0.9431054577293168,0.0582897621008982,-0.00010918416041824203,0.6999999999999993,-6.693289594014516,0.030883621510945813,2.458477128201172e-07,0.004138461503073371,-0.20126723111460265,-0.22692070517076318,-0.007907389757825956,-3768.9927842881943,-0.011229753494262695,-0.0008500447154192528
Trade Winds,impulse,0.27711680740478073,0.03539533509660231,4.298583267114963e-12,0.7000000000000002,-766.409172683665,-0.0003482555864552407,-0.01187999504485393,-0.022026176092759947,0.30845718577951153,-0.178148609069835,0.015597279214457471,-25937.988689259568,0.012635946273803711,0.00040396006606803654
Trade Winds,pluck,0.30119673220812615,-0.956785513262254,0.00010957030309862077,-0.5,-5.2577029720463315,-0.0006840123740685044,3.916653293008061e-07,-0.008055317512572338,0.2827146307960726,-0.1707031052808943,-0.039124353423057534,10988.180162481203,-0.010129690170288086,0.0025704722032775518
Trade Winds,vocal,-0.654810329315282,0.7078565238908503,-1.979217552174124e-05,-0.39999999999999947,-69.48834289223907,5.8449294186718574e-05,4.497609738079028e-06,-0.003513691817361962,0.3085607703937212,-0.16455278922756625,0.02763133423227994,-17512.048012877312,0.00025141239166259766,0.00047399789799635467
Trade Winds,pad,0.8102735377867027,0.007452031420452698,-0.00017041840582116262,-0.10000000000000053,6.8872174946508835,-0.05907944639751128,4.405495423359089e-07,-0.01968971965967324,0.3175058533366353,-0.19112799870770927,0.001611440388881752,4.7636502323744025,0.00947880744934082,3.89197512697581e-05
Trade Winds,percussion,0.21316403423288222,0.024542022262178165,6.798581276387326e-06,0.20000000000000018,-133.2125292585556,0.012401461286204785,-0.00812991297923342,-0.008913327709472105,0.29268570009438744,-0.1822694491442238,-0.22497709785984255,-6.5804921995668195,0.005196928977966309,0.003080099654528115
Trade Winds,chords,0.47384705875266064,-0.09959084199734036,-3.704951140174048e-05,-0.40000000000000036,-0.700166960695384,-0.0016823172008382237,2.1211605567992516e-07,-0.006633874836985382,0.7809066150307071,-0.20386618751773958,0.012967110543467608,-152.03761704041358,0.0041599273681640625,0.003350831847749744
Solar Wind,impulse,-0.1619544362961136,0.07656723837381207,-1.1414744259437744e-09,-1.4000000000000004,1712.6144354269818,-0.0026390889491824557,0.08568462374791241,0.04646615581007604,-0.09249981245767991,-0.07171077099305115,-0.02486343521499257,1964510.3162487883,-0.003389120101928711,-0.00011853222154836057
Solar Wind,pluck,-0.3377375495366266,1.7861983321910166,-0.0005499126678920638,-1.8000000000000007,16.16138611799414,0.0015985635192344056,3.1214641591909587e-06,0.029443494944408885,0.1443241431773128,-0.08188037293020248,0.005292467156101377,16998.998170732477,0.024104952812194824,0.0013122045842968721
Solar Wind,vocal,0.33526431873067963,0.6468054180154645,-0.0003593756262078032,-1.6000000000000014,-22.58930917818418,1.5050210504027471e-05,5.191172114803553e-06,0.032726316389738094,-0.0646176803833125,-0.12721699237995474,0.026530382701764846,-38689.93850150536,0.006770610809326172,-9.695831571147548e-05
Solar Wind,pad,1.0985711745390319,0.16249949155624677,-0.00019012914664870006,-1.0000000000000009,8.882290499501892,-0.11374038482245818,1.913057406572435e-06,0.02719359413484962,-0.11045933963717536,-0.07609290908048041,-0.02001071427611706,-5757.00215816769,0.015233874320983887,-1.3240806949291542e-05
Solar Wind,percussion,0.2469999809157386,0.32815664878817685,-4.511038960283864e-05,-0.09999999999999964,2695.2451063004874,-0.22741195842374395,0.14181644397457982,0.07129140108825771,0.2960630478891697,-0.08112409538473844,-0.06674961371945554,110803.06851747175,0.012178897857666016,0.003094973857711389
Solar Wind,chords,-0.2552697453772197,0.35920903749505584,-0.00012902985843737827,-1.299999999999999,13.846146821396218,-0.08578773043872989,1.6649462787667091e-06,0.037198043417937976,0.4821348364260789,-0.07179127053550133,0.018087984046398664,199.50272887014262,0.0003980398178100586,0.0020972057572930386
Escape Velocity,impulse,-0.11936442479868248,0.11452938420052305,-1.2389355134848993e-08,-6.1000000000000005,813.1797995547859,-0.001634235951464478,0.03918773293840461,-0.0054310810948809685,-0.020731393754275906,-0.20574065422373744,-0.030918202017612362,19407832.7198267,-0.00036323070526123047,-2.7333724953896438e-05
Escape Velocity,pluck,-0.059463174426060306,0.10240396324030243,-0.001622179140604963,-5.0,-1.4189238120882237,0.0005615746606044934,2.4899417452013404e-07,-0.0014956959809419024,0.04441620490966258,-0.2201216626599948,0.001971928829261338,7604.986770003801,-0.0035712718963623047,0.000403705026228357
Escape Velocity,vocal,-0.13961113104739553,0.2762399361323169,-0.00022107903942264636,-6.1,-62.859934084306474,-8.502207019765799e-06,1.3250317516338183e-07,-0.01571836703117524,0.017063906711431542,-0.2043028080347519,0.015966681835244717,-90935.18666613466,-0.0004616975784301758,2.6359174359738557e-05
Escape Velocity,pad,0.9146350421237983,-0.24821850793446743,-0.0006840064266257664,-3.799999999999999,5.336005139115315,-0.015044163647307818,2.1961849372514275e-06,0.017157022147558,-0.01171926691126135,-0.2588079589564614,0.009468855737317178,-7894.365842503724,0.007974386215209961,-1.4440280518507407e-06
Escape Velocity,percussion,0.06138722452779177,-0.028836235192102322,-7.921268830128359e-05,-5.1000000000000005,451.09303533018965,-0.03559770382847338,0.02358259155887843,-0.003137570815619245,0.05691484156594706,-0.2600458158944682,-0.08241634629080763,26270.612318769883,-2.47955322265625e-05,0.0006020580482520715
Escape Velocity,chords,0.19227051154325636,-0.002221905734341334,-0.00021415046858455964,-4.8,-6.099731818322709,0.03985370197577198,9.836133950636465e-07,-0.002568279802329085,-0.46992964326331643,-0.2642337084896354,0.00809659846250499,-864.7870877214116,0.000947117805480957,-0.0020527871295608763
Zero-G,impulse,-1.2650601340297953,0.8137508071053858,-2.9230175335885155e-08,-2.6999999999999993,95.21013181536728,3.72710262157034e-06,0.002006670491599971,0.029588024402982305,-0.5635472115647207,-0.28290072530132815,-0.14795320805271583,787832.2281987239,-0.018084168434143066,-0.0007052377110531253
Zero-G,pluck,-1.0147616432562572,-1.6540698507870388,-0.0026755072865746665,-3.5,-19.12562098214238,0.0006741159044998794,-2.3848656862115724e-06,0.012806766238080816,-1.8906297948040949,-0.27261370951769764,-0.02639359682326231,-157978.40902552044,-0.07049942016601562,-0.017758051190099725
Zero-G,vocal,1.0336802690764202,1.0722481285034604,-0.0006545996299655856,-3.3000000000000007,-40.789765978311266,-1.5014832262824821e-05,-4.3988300869779396e-06,0.01465254778083596,-0.3947300919110761,-0.24311730189170824,-0.0015474919834942424,-125116.15667294925,0.00732111930847168,-0.0005695055790248121
Zero-G,pad,-0.5313071734674715,0.18914987744996736,-0.0013607341182884445,-5.200000000000001,-32.67272337980475,0.183558600031678,-1.8408548067706355e-07,0.0212026968274667,-0.4853518575082294,-0.3008747613212284,0.019321589711229714,-12991.951961260633,-0.010023236274719238,-5.64579071417725e-05
Zero-G,percussion,-0.5705858588919313,-1.0170459428205945,-0.00015795605969624898,-1.1999999999999993,41.09977464352323,0.006863387969267332,0.0020050235465734756,0.013147931572775384,-0.556134058850934,-0.3132136032697022,-0.014308904393059763,321317.9289139251,-0.03901934623718262,-0.005632033405903153
Zero-G,chords,-0.4161058932476749,-1.9637901198418,-0.00031658117834165505,-4.700000000000001,-17.87431719178167,0.060817440220642616,-2.7545916251780822e-08,0.014473379164338149,-0.38290361349538005,-0.3028816874160208,-0.0037973132761400796,-11677.09079426481,-0.03555262088775635,-0.0015540717376978444
Event Horizon,impulse,-1.5428566576286968,1.982310716582397,-1.7718175066668468e-07,-2.700000000000001,786.4477301999796,0.0022048060779712316,0.041112327580136165,-0.03595259256820954,0.09502308204613463,-0.47967813997348047,-0.2812734163297031,170015.55384290457,0.012211799621582031,0.0001201333250019556
Event Horizon,pluck,-1.0750307441322349,-2.1450029738427325,-0.0034108572429605525,2.6999999999999993,-28.766742032876436,0.0003521242169158786,-6.095018090158894e-07,-0.059621952982929854,-1.3226722981990586,-0.30549284737900306,0.021041460897484043,-151022.75135587016,-0.09771513938903809,-0.012461129315565117
Event Horizon,vocal,-2.645697471321405,-2.5604501448578816,-0.00074287652848261,-0.3000000000000007,-1.953228662114725,-5.800836873733444e-06,6.540654893996038e-07,-0.070312597721616,0.4566830431967528,-0.26085712054609395,0.005587354432221053,-43559.54887446515,-0.05932021141052246,0.0006612651469127592
Event Horizon,pad,-0.040300497823889,0.6362302805466804,-0.001329016612099606,-2.5,-25.63126562021864,0.12743287338068893,6.494607368132556e-07,-0.05000815867287722,0.2866977322202291,-0.3166031235918307,0.0486347661702575,-22150.06231583276,-0.002080678939819336,3.354262440648085e-05
Event Horizon,percussion,-0.09684667734379104,-2.1115848932271994,-0.00013587179235574517,-1.6000000000000014,-1215.4675822747568,0.1273480369060267,-0.06575444711727216,-0.10830843785249022,-0.006651637740785699,-0.35072103203315713,-0.020308789819452944,-235603.30954601965,-0.06003725528717041,-6.826923305007504e-05
Event Horizon,chords,-0.26474603487177717,-1.3761551282893691,-0.0003379217290247219,1.1999999999999993,-29.32219505494922,0.11750242249541709,2.2714147767627525e-07,-0.07623771237176613,0.22015040522301144,-0.3199646749668796,0.010641777527273966,-21770.99505723125,-0.030039668083190918,0.0008951784478938019
Glass Transit,impulse,0.14956327474157405,0.21253671788052486,-4.5464026913559033e-11,-0.7000000000000002,140.6607306118458,-0.002554652185883337,0.0003226675201846163,-0.03467688827495577,0.33756207444932507,-0.07341996016856242,-0.01961215485250778,-12137053.204195714,0.014065742492675781,0.0004257374407745599
Glass Transit,pluck,0.027211833560819798,-1.1620637407160679,-0.0004162501041933978,-0.5,11.558147713302674,0.000411831725161709,-4.0515735961151455e-08,-0.012577356317691135,0.07980306465056097,-0.005195537795799399,0.0011150782583920216,2565.80138509093,-0.021089911460876465,0.0007068983393673928
Glass Transit,vocal,-1.5943584063902492,1.421321233417661,-0.00021829559731659137,-0.7999999999999998,76.39690047031422,7.219173763842337e-05,2.3654222536089595e-06,0.012015773409757138,0.4291143268737114,-0.029304466530564705,-0.006447805762842707,53371.4917589316,-0.0021839141845703125,0.0006307358591986934
Glass Transit,pad,0.5786896543111197,-0.6356189532082581,-0.00019778780393005983,-1.0999999999999996,8.31803565580077,-0.15030995655748003,1.358381691514143e-08,-0.020970405317950122,0.34310567985384477,-0.009863039047500077,-0.019695286253334554,-612.4984120919295,-0.0014683008193969727,4.037788905566597e-05
Glass Transit,percussion,0.41062526899178664,-0.022311990901258127,-2.044377325714238e-05,-0.6000000000000005,2650.6631143921036,-0.2406389305149257,0.14075883448457543,0.000135814916679855,0.5666599809339696,-0.034364310331300774,0.1054300420797305,97115.82558180222,0.007816433906555176,0.005673035750035346
Glass Transit,chords,0.013924559576878437,0.296989339226581,-0.0001202437889143318,-0.7000000000000002,15.359936491688217,-0.10587581290096826,4.0820046312905166e-07,-0.016167734484145463,-0.03841576235347377,0.0022976134463978948,-0.014951248046943533,10600.708751231938,0.0026360750198364258,-0.0001624283336435356
Cassette Moon,impulse,-0.3327752485750324,0.1663373834986075,-2.3467065328001505e-13,-0.5,-1595.2634333705191,0.002397353221338534,-0.06797012159170035,-0.0523237272957188,-0.18216520022856564,-0.13308502883054749,-0.06001811398485862,-75977.22835713899,-0.0070580244064331055,-0.00025010989238999533
Cassette Moon,pluck,-0.3771980788214577,1.088969250014216,-0.00010569999877724006,-0.40000000000000036,-12.797983979697165,-0.0023162596738857517,-2.2351734925600097e-06,-0.01807377987384639,-0.14886585173692835,-0.17674093444796862,0.07497753205169488,-2984.1941746086395,0.011190533638000488,-0.0014128837728342308
Cassette Moon,vocal,-0.4439027033528262,0.06624679097278374,-3.674515279956021e-05,-0.5,10.83800252929882,-2.7702688704854485e-05,-3.9507751629043574e-06,-0.016920838011952336,-0.12864052465188225,-0.16702424523944934,0.006425104253158592,-4141.864375675927,-0.0027952194213867188,-0.0002075970268762637
Cassette Moon,pad,1.0034612118037103,-0.3605706016678596,-0.000150805696151597,-0.39999999999999947,-7.420992463114686,0.043337392770047334,-5.642966317701128e-07,-0.031438243464299805,-0.1577107109155702,-0.31644841846733807,0.010257564896613003,381.21985502874077,0.007882356643676758,-2.0255015370854602e-05
Cassette Moon,percussion,-0.44045693434760125,0.28656286171806755,-4.148198432320168e-06,0.20000000000000018,-299.1428170017057,0.03100274352623089,-0.01515764463844968,-0.03591247558118019,-0.1321728246687499,-0.19772960665086084,0.15776631181668732,-16.184437031648606,-0.0035791397094726562,-0.001460368109533483
Cassette Moon,chords,-0.233028635723052,0.1064162143723344,-3.8496038353260575e-05,-0.40000000000000036,-10.047529174562698,0.051108719074928644,-6.312220428488351e-07,-0.028636956487300427,-0.3597181210458382,-0.25422676909636716,0.012108192334990775,-793.0244722747184,-0.0018219947814941406,-0.0016299474766030483
Pulsar Eighths,impulse,-0.11096761803092647,0.15639473852525043,4.9947305550783016e-14,0.30000000000000004,-1516.6348877894688,-0.001424002970729638,-0.0758845536964774,-0.07261621973051355,0.02783246734407241,-0.1581670136953996,0.009227714344167803,-63158.02000770885,0.001887202262878418,3.746840200558217e-05
Pulsar Eighths,pluck,-0.20643244767936508,0.3031107407003688,1.2603039911063564e-05,0.1999999999999993,-0.2504371090578843,-0.0003565623055550276,-6.822192482793585e-07,-0.027770911347319197,-0.007110323174030153,-0.18894451229155435,0.008436036441826278,16379.243066258117,0.0015891790390014648,-6.649297786175123e-05
Pulsar Eighths,vocal,-0.2698705071602703,0.08853086825515888,2.367185620266573e-05,0.20000000000000018,-3.5174903647401834,-1.8230636530548695e-05,5.850701082388455e-07,-0.019101687545904925,0.10667146321136034,-0.14657281330920494,-0.0013834783066981327,-60.45636260480023,-0.001553177833557129,0.00016854949601780717
Pulsar Eighths,pad,0.2069006199385477,-0.14731799008128732,-2.6331548060433803e-05,0.0,2.7451075497937723,-0.012397885719614088,2.079792406873804e-07,-0.029977501685309355,0.03925458845786922,-0.2537756850437447,-0.008485404235266808,1197.1979010572845,0.0007268190383911133,4.940769918130271e-06
Pulsar Eighths,percussion,-0.12871122688526526,0.13662300953453155,8.56867538644814e-08,0.20000000000000018,968.8063857891796,-0.09738364769312136,0.06186095155329528,-0.041202335517895636,0.013240652850635026,-0.24154592061807445,0.03061222099492944,52061.33134509971,0.0001747608184814453,0.00014485972884298315
Pulsar Eighths,chords,-0.029076504146608784,0.19541802600122082,-7.157215980900576e-06,-0.09999999999999964,-0.3176372093612656,-0.021572294407637527,7.740575727775848e-07,-0.03178288621494543,0.057375466638887485,-0.24903195479800344,-0.002955731468403777,-6118.849398070149,0.00195467472076416,0.00025306067883474476
Frozen Choir,impulse,-0.5969759391748752,1.3400060565070078,-7.87688173279714e-09,-3.500000000000001,-278.93046014027095,-0.0020707959531685075,-0.013270287175137452,-0.034954122929478804,0.5733120390607631,0.0006489705064853246,-0.12348860558762942,-45894.50787506395,0.02552974224090576,0.0006533726630539687
Frozen Choir,pluck,-0.8991906842729946,0.7153109666598141,-0.0019906698911028417,-3.4000000000000004,17.052438796433023,-0.002061141909702092,1.1810700360905725e-06,-0.01941107529333097,0.04203963849710224,0.023971854894554057,-0.011639960094192936,-15696.490859985352,-0.01774895191192627,0.00034417504040192004
Frozen Choir,vocal,-0.9967651761250309,-1.482682335345352,-0.00018456874017315147,-3.1999999999999993,-7.974189923005497,-9.848360370799325e-05,1.1497759833619628e-06,-0.04313240858150361,0.8874525784552567,0.041354616926948584,0.006439084881188439,-40327.3739347325,-0.02229630947113037,0.0011614861190193566
Frozen Choir,pad,1.2758147244995364,0.7195330422719906,-0.0010953814689286148,-0.3999999999999986,18.719546287656954,-0.10669666108841092,1.4003799251327615e-06,-0.027155283494204346,0.6478441615174124,0.08156677688585856,-0.031711679410738824,-1370.3945500389111,0.011486053466796875,6.854477349150362e-05
Frozen Choir,percussion,0.6442144793887792,0.31102976506012325,-8.637398300031703e-05,-1.5999999999999996,3679.717625435867,-0.29123285168768476,0.19615965184759987,-0.002063413852442214,1.0059970367559377,-0.009179030432350688,0.0035318790037611736,-71561.23702813295,0.015296220779418945,0.009021501423392198
Frozen Choir,chords,0.15900819723759696,0.4200709061234775,-0.000266867290860546,-0.40000000000000036,19.752960525797306,-0.11831783511676808,2.9845028592396987e-06,-0.03144737091493152,-0.06211649811559061,0.08097162907772437,-0.02061493214411747,-79.11099925489748,0.000992894172668457,-0.00024156363819376192
Dark Matter,impulse,-0.24838127496833096,1.0152663120059557,-6.441161935096436e-08,-7.8999999999999995,-1693.9182517555855,0.005212851310072104,-0.0731719506745484,-0.11868214486713155,0.6095977761863125,-0.05482355332442382,-0.14031131498115162,16494798.784713091,0.027738213539123535,0.0007644315869782051
Dark Matter,pluck,0.22894812321256452,-2.6276629007780485,-0.0011948093271436104,-4.199999999999999,-20.579573475394398,0.0015240918284653588,-4.652643575878553e-06,-0.07132177786975219,-0.13303449633463327,-0.03000448633267419,0.0048325091827569056,-23487.86545523479,-0.054870009422302246,-0.0012040411258255057
Dark Matter,vocal,-1.604401391216463,-1.5814332486683966,-0.00038754778221178533,-4.300000000000001,17.50236732055714,0.0010606186884471085,-1.3044734277181412e-05,-0.05587274347098578,0.796260831435565,-0.033950305360697874,0.00567275604719536,695.0437824426051,-0.03153705596923828,0.0011570932399108287
Dark Matter,pad,0.4379893152925085,-0.27184272158562095,-6.585570844228441e-05,-3.4000000000000004,-32.06789307377946,0.27346559364833944,-2.834331806615634e-06,-0.05794893835755417,0.7305948827853954,0.01097152412507127,0.07904779752112129,1100.373320035969,-0.0002608299255371094,8.516607295772885e-05
Dark Matter,percussion,0.4049297403207035,-1.1657488104273135,-9.845828847613385e-06,-4.799999999999999,-2983.605389083943,0.23748895678289805,-0.16065738547757857,-0.12914197746175554,0.5075363754372502,-0.05345156476451707,-0.11337649957382256,-332608.69486334827,-0.01868569850921631,0.005130158028966866
Dark Matter,chords,0.7167168289389707,-1.3146313054869054,-2.984797769658046e-05,-2.4000000000000004,-17.1268222506626,0.09734446475477776,-2.9914676149569517e-06,-0.07948914515425327,1.1324400182491803,-0.004301855628472351,0.029022959810854065,-102.73666511376018,-0.009585261344909668,0.004603553392139116
Microgravity Slap,impulse,0.2274536916947909,0.035626563830504665,-1.3178199272563992e-14,0.09999999999999998,-1257.3966235899388,0.0004399281079665203,-0.06810757905739218,-0.05514974760370685,0.2592890848137368,-0.15427231168906566,-0.12315878480310788,-108995.62305874296,0.011820435523986816,0.00037669916715524394
Microgravity Slap,pluck,-0.5714343454038193,0.06843820030793424,-2.270392257584097e-05,-0.09999999999999964,15.746784845387708,-1.552218440076898e-05,-3.055234943926078e-07,-0.02942987991497647,0.2114964452589525,-0.1428426173511107,0.019425229607380634,-351.42232749211325,-0.00804126262664795,0.002131502639889274
Microgravity Slap,vocal,-3.115267129375461,0.5932692559809283,-3.061725468408542e-05,0.0,40.290857749655174,0.00010429342024896357,2.1042869795793805e-06,-0.01914722125627886,0.2708899818135333,-0.12362486550586017,0.04438874220490596,9007.53654824841,-0.02031552791595459,0.0004652669963716577
Microgravity Slap,pad,0.08594130498583041,-0.08091600806942267,-6.431528038940649e-06,-0.09999999999999964,-19.782542270955872,0.01940439352157608,2.0721688100125005e-07,-0.029301305298340585,0.2665274208257655,-0.1968492809760217,0.011999494193955573,-163.3061896585807,7.152557373046875e-05,3.628231476268933e-05
Microgravity Slap,percussion,0.20922354984637792,0.05727445410839849,3.4820594589923906e-09,0.0,164.2019551281087,-0.01696542942554269,0.011826359407784703,-0.046043547960278916,0.28351841070929185,-0.1774405881253424,-0.20381403992748226,-21.97265625,0.006441712379455566,0.003340887556233116
Microgravity Slap,chords,0.12753559359028088,0.1589373751555918,-8.424850637438475e-07,-0.09999999999999964,-10.845965544175698,0.01663241090176515,-7.786601375910264e-07,-0.03079075831221672,0.1956274950714625,-0.2051293354761812,-0.008469186326734046,177.26568528163534,0.0037862062454223633,0.0009349098520673518
