preset,source,mode,peak,dc,final_tail_rms
Low Orbit,impulse,0,0.361409,-6.81733e-07,6.84687e-07
Low Orbit,impulse,1,0.162075,2.65808e-08,3.24131e-08
Low Orbit,impulse,2,0.162068,3.38471e-08,3.39933e-08
Low Orbit,pluck,0,0.14934,-8.76526e-08,1.37212e-08
Low Orbit,pluck,1,0.170125,-1.46634e-07,3.4272e-08
Low Orbit,pluck,2,0.162072,-1.34416e-07,3.81855e-08
Low Orbit,vocal,0,0.0564693,-5.61657e-08,1.39875e-08
Low Orbit,vocal,1,0.0570651,-4.74544e-10,3.49485e-08
Low Orbit,vocal,2,0.0519189,-8.29351e-10,3.1442e-08
Low Orbit,pad,0,0.10708,-7.05264e-08,1.56199e-08
Low Orbit,pad,1,0.0957176,-3.86066e-08,3.88584e-08
Low Orbit,pad,2,0.0908043,-2.90304e-08,4.12137e-08
Low Orbit,percussion,0,0.194208,-5.98862e-07,5.6737e-07
Low Orbit,percussion,1,0.0966226,3.05273e-08,3.1528e-08
Low Orbit,percussion,2,0.0955322,3.73706e-08,3.58559e-08
Low Orbit,chords,0,0.105337,-6.00898e-08,1.19647e-08
Low Orbit,chords,1,0.0850294,1.76281e-08,3.00468e-08
Low Orbit,chords,2,0.0824526,2.00978e-08,3.42294e-08
Tidal Lock,impulse,0,0.349776,-6.53474e-07,6.5857e-07
Tidal Lock,impulse,1,0.167056,2.82038e-08,3.28668e-08
Tidal Lock,impulse,2,0.167039,3.59593e-08,3.58997e-08
Tidal Lock,pluck,0,0.162506,-1.12763e-07,1.86607e-08
Tidal Lock,pluck,1,0.186179,-1.52996e-07,3.61573e-08
Tidal Lock,pluck,2,0.180358,-1.53847e-07,6.09048e-08
Tidal Lock,vocal,0,0.0556919,-6.20851e-08,1.75408e-08
Tidal Lock,vocal,1,0.0696001,-1.24733e-08,3.3991e-08
Tidal Lock,vocal,2,0.0627058,-1.03366e-08,4.16948e-08
Tidal Lock,pad,0,0.122866,-5.02652e-08,1.54547e-08
Tidal Lock,pad,1,0.0842466,-5.18803e-09,3.00108e-08
Tidal Lock,pad,2,0.0811807,3.48771e-09,3.51045e-08
Tidal Lock,percussion,0,0.187566,-5.485e-07,5.44658e-07
Tidal Lock,percussion,1,0.109988,3.36115e-08,3.28767e-08
Tidal Lock,percussion,2,0.10994,3.69425e-08,6.78678e-08
Tidal Lock,chords,0,0.108146,-4.86739e-08,1.52234e-08
Tidal Lock,chords,1,0.0836435,2.41823e-08,2.9599e-08
Tidal Lock,chords,2,0.0829211,2.56061e-08,3.52798e-08
Trade Winds,impulse,0,0.34492,-6.49952e-07,6.53859e-07
Trade Winds,impulse,1,0.170965,2.36298e-08,2.7855e-08
Trade Winds,impulse,2,0.170959,3.33281e-08,3.39953e-08
Trade Winds,pluck,0,0.139458,-9.92072e-08,1.3474e-08
Trade Winds,pluck,1,0.1436,-1.5282e-07,3.10584e-08
Trade Winds,pluck,2,0.145271,-1.67628e-07,3.44589e-08
Trade Winds,vocal,0,0.0548378,-5.57751e-08,1.38663e-08
Trade Winds,vocal,1,0.0602768,-9.52068e-09,3.19201e-08
Trade Winds,vocal,2,0.0537187,-9.02423e-09,3.07427e-08
Trade Winds,pad,0,0.100948,-1.53748e-08,1.41431e-08
Trade Winds,pad,1,0.0735241,8.51405e-09,3.25409e-08
Trade Winds,pad,2,0.0635038,7.25704e-09,2.58502e-08
Trade Winds,percussion,0,0.186895,-5.5535e-07,5.40817e-07
Trade Winds,percussion,1,0.0959214,2.89265e-08,2.92893e-08
Trade Winds,percussion,2,0.095852,3.38534e-08,3.35607e-08
Trade Winds,chords,0,0.100565,-4.98871e-08,1.35752e-08
Trade Winds,chords,1,0.0693159,1.9206e-08,3.12208e-08
Trade Winds,chords,2,0.0738195,2.17215e-08,3.86517e-08
Solar Wind,impulse,0,0.344793,-6.47827e-07,6.53115e-07
Solar Wind,impulse,1,0.174522,2.48489e-08,3.16556e-08
Solar Wind,impulse,2,0.174511,3.19065e-08,5.99877e-07
Solar Wind,pluck,0,0.141983,-1.50129e-07,1.86481e-08
Solar Wind,pluck,1,0.182511,-2.74415e-07,3.95284e-08
Solar Wind,pluck,2,0.178424,-2.85143e-07,8.66107e-06
Solar Wind,vocal,0,0.0760237,-1.10528e-07,1.85688e-08
Solar Wind,vocal,1,0.0879889,-7.44793e-08,3.93796e-08
Solar Wind,vocal,2,0.0907527,-1.19364e-07,4.94808e-06
Solar Wind,pad,0,0.102693,-5.91007e-08,1.13307e-08
Solar Wind,pad,1,0.104081,-4.1412e-08,2.43707e-08
Solar Wind,pad,2,0.0961913,-2.28218e-08,4.2647e-07
Solar Wind,percussion,0,0.185089,-5.46129e-07,5.37892e-07
Solar Wind,percussion,1,0.104365,3.14275e-08,4.11028e-08
Solar Wind,percussion,2,0.104182,3.25258e-08,9.86378e-06
Solar Wind,chords,0,0.10042,-5.7422e-08,1.11237e-08
Solar Wind,chords,1,0.0902269,1.71593e-08,2.39405e-08
Solar Wind,chords,2,0.0947636,1.76669e-08,5.38549e-07
Escape Velocity,impulse,0,0.353451,-6.63699e-07,6.68204e-07
Escape Velocity,impulse,1,0.169316,2.686e-08,7.82356e-08
Escape Velocity,impulse,2,0.169302,3.00503e-08,6.51356e-06
Escape Velocity,pluck,0,0.150496,-1.27946e-07,7.37485e-07
Escape Velocity,pluck,1,0.172363,-2.21138e-07,1.5705e-06
Escape Velocity,pluck,2,0.164354,-2.40463e-07,3.9249e-05
Escape Velocity,vocal,0,0.056885,-5.61637e-08,4.93048e-07
Escape Velocity,vocal,1,0.060897,-5.64598e-09,1.04998e-06
Escape Velocity,vocal,2,0.0598511,-4.44063e-09,3.1546e-05
Escape Velocity,pad,0,0.121813,-7.92213e-08,1.4059e-07
Escape Velocity,pad,1,0.0909682,-3.54308e-08,2.9947e-07
Escape Velocity,pad,2,0.0816535,-3.08437e-08,2.76919e-06
Escape Velocity,percussion,0,0.189778,-5.62521e-07,6.32795e-07
Escape Velocity,percussion,1,0.101164,2.96645e-08,6.6537e-07
Escape Velocity,percussion,2,0.100949,2.99422e-08,3.20633e-05
Escape Velocity,chords,0,0.103082,-5.73896e-08,6.21094e-08
Escape Velocity,chords,1,0.0784817,1.91263e-08,1.32438e-07
Escape Velocity,chords,2,0.0745357,1.76691e-08,1.80353e-06
Zero-G,impulse,0,0.342198,-6.30101e-07,6.47788e-07
Zero-G,impulse,1,0.195463,3.45493e-08,2.16583e-07
Zero-G,impulse,2,0.19544,3.5043e-08,3.24416e-06
Zero-G,pluck,0,0.216013,-1.87655e-07,4.12378e-05
Zero-G,pluck,1,0.261646,-2.08939e-07,6.2797e-05
Zero-G,pluck,2,0.26248,-2.26711e-07,0.00041421
Zero-G,vocal,0,0.0673953,-9.48815e-08,1.6253e-05
Zero-G,vocal,1,0.0915209,-3.83572e-08,2.47501e-05
Zero-G,vocal,2,0.0930499,-5.2105e-08,0.000193422
Zero-G,pad,0,0.11085,-6.49336e-08,1.10697e-05
Zero-G,pad,1,0.0938292,-1.76661e-08,1.6857e-05
Zero-G,pad,2,0.0884084,-9.81132e-09,1.36415e-05
Zero-G,percussion,0,0.215921,-5.19661e-07,6.92965e-06
Zero-G,percussion,1,0.136628,3.42735e-08,1.05224e-05
Zero-G,percussion,2,0.133146,3.61994e-08,0.000227644
Zero-G,chords,0,0.130287,-4.4536e-08,5.92449e-06
Zero-G,chords,1,0.0962717,2.29086e-08,9.0218e-06
Zero-G,chords,2,0.0943256,2.22693e-08,2.23609e-05
Event Horizon,impulse,0,0.328498,-5.98599e-07,6.05531e-07
Event Horizon,impulse,1,0.231439,3.58045e-08,7.98192e-08
Event Horizon,impulse,2,0.231412,3.63979e-08,9.67873e-08
Event Horizon,pluck,0,0.24208,-2.18606e-07,0.000109566
Event Horizon,pluck,1,0.275011,-1.84581e-07,0.000144745
Event Horizon,pluck,2,0.284244,-2.50551e-07,0.00126941
Event Horizon,vocal,0,0.117501,-1.16666e-07,3.44564e-05
Event Horizon,vocal,1,0.117376,-2.88604e-08,4.55199e-05
Event Horizon,vocal,2,0.113544,-3.37331e-08,0.000495977
Event Horizon,pad,0,0.108799,-7.30338e-08,1.97134e-05
Event Horizon,pad,1,0.111136,-2.38559e-08,2.60431e-05
Event Horizon,pad,2,0.1036,-9.81402e-09,2.60212e-05
Event Horizon,percussion,0,0.245329,-4.87606e-07,2.41367e-05
Event Horizon,percussion,1,0.150263,3.57812e-08,3.188e-05
Event Horizon,percussion,2,0.148495,3.65347e-08,0.00077282
Event Horizon,chords,0,0.1291,-3.94015e-08,1.04479e-05
Event Horizon,chords,1,0.113061,2.35036e-08,1.38025e-05
Event Horizon,chords,2,0.10659,2.30979e-08,5.79185e-05
Glass Transit,impulse,0,0.330437,-6.17496e-07,6.21451e-07
Glass Transit,impulse,1,0.167839,2.83526e-08,3.4841e-08
Glass Transit,impulse,2,0.167825,3.4153e-08,3.45524e-08
Glass Transit,pluck,0,0.159041,-1.53932e-07,1.6609e-08
Glass Transit,pluck,1,0.193319,-2.55683e-07,3.34664e-08
Glass Transit,pluck,2,0.183088,-2.48921e-07,3.41201e-08
Glass Transit,vocal,0,0.0615659,-7.19153e-08,1.72689e-08
Glass Transit,vocal,1,0.0798459,-2.82968e-08,3.47881e-08
Glass Transit,vocal,2,0.0783957,-3.73623e-08,3.45063e-08
Glass Transit,pad,0,0.105201,-3.9998e-08,1.69999e-08
Glass Transit,pad,1,0.0888818,-1.55855e-08,3.41709e-08
Glass Transit,pad,2,0.0827615,-5.99547e-09,3.10789e-08
Glass Transit,percussion,0,0.177287,-5.1493e-07,5.14598e-07
Glass Transit,percussion,1,0.109368,3.22262e-08,3.29426e-08
Glass Transit,percussion,2,0.108739,3.62399e-08,3.58772e-08
Glass Transit,chords,0,0.0989827,-5.51694e-08,1.42533e-08
Glass Transit,chords,1,0.0910469,1.88275e-08,2.87476e-08
Glass Transit,chords,2,0.0867982,2.04954e-08,3.55599e-08
Cassette Moon,impulse,0,0.371879,-7.00254e-07,7.03797e-07
Cassette Moon,impulse,1,0.198034,2.42728e-08,3.23444e-08
Cassette Moon,impulse,2,0.198028,2.86458e-08,2.90038e-08
Cassette Moon,pluck,0,0.136201,-1.17167e-07,1.36579e-08
Cassette Moon,pluck,1,0.157238,-1.77507e-07,3.00811e-08
Cassette Moon,pluck,2,0.154569,-1.69923e-07,2.97814e-08
Cassette Moon,vocal,0,0.0590112,-4.65222e-08,1.21559e-08
Cassette Moon,vocal,1,0.0638418,5.33635e-09,2.68063e-08
Cassette Moon,vocal,2,0.0578913,8.74957e-09,2.97814e-08
Cassette Moon,pad,0,0.109951,-1.1481e-07,1.36073e-08
Cassette Moon,pad,1,0.0858348,-2.40853e-08,2.99178e-08
Cassette Moon,pad,2,0.0790204,-2.89627e-08,2.97814e-08
Cassette Moon,percussion,0,0.19967,-5.93764e-07,5.8407e-07
Cassette Moon,percussion,1,0.10004,2.5484e-08,3.0709e-08
Cassette Moon,percussion,2,0.1005,2.92442e-08,2.84926e-08
Cassette Moon,chords,0,0.108526,-6.07388e-08,1.24886e-08
Cassette Moon,chords,1,0.0814424,1.65848e-08,2.7529e-08
Cassette Moon,chords,2,0.0773069,1.75413e-08,2.97814e-08
Pulsar Eighths,impulse,0,0.359896,-6.72188e-07,6.75776e-07
Pulsar Eighths,impulse,1,0.229005,3.23715e-08,4.86657e-08
Pulsar Eighths,impulse,2,0.229003,4.08252e-08,4.18008e-08
Pulsar Eighths,pluck,0,0.14228,-1.20232e-07,1.89396e-08
Pulsar Eighths,pluck,1,0.176658,-1.72776e-07,3.95483e-08
Pulsar Eighths,pluck,2,0.1702,-1.58928e-07,3.99753e-08
Pulsar Eighths,vocal,0,0.0748415,-1.01795e-07,2.00095e-08
Pulsar Eighths,vocal,1,0.0730479,-2.7292e-08,4.18707e-08
Pulsar Eighths,vocal,2,0.06732,-3.14431e-08,4.18008e-08
Pulsar Eighths,pad,0,0.119451,-9.58396e-08,1.67214e-08
Pulsar Eighths,pad,1,0.112237,-6.50081e-08,3.50818e-08
Pulsar Eighths,pad,2,0.102963,-4.55466e-08,4.2864e-08
Pulsar Eighths,percussion,0,0.197961,-5.67782e-07,5.60161e-07
Pulsar Eighths,percussion,1,0.121279,3.5259e-08,4.56617e-08
Pulsar Eighths,percussion,2,0.122053,4.50079e-08,4.33659e-08
Pulsar Eighths,chords,0,0.104647,-5.47473e-08,1.55946e-08
Pulsar Eighths,chords,1,0.0935448,1.71993e-08,3.26447e-08
Pulsar Eighths,chords,2,0.0941605,2.23115e-08,4.28457e-08
Frozen Choir,impulse,0,0.289132,-5.28052e-07,5.36227e-07
Frozen Choir,impulse,1,0.192006,3.14151e-08,7.93911e-08
Frozen Choir,impulse,2,0.191985,3.289e-08,1.94724e-05
Frozen Choir,pluck,0,0.163024,-3.11807e-07,1.38012e-06
Frozen Choir,pluck,1,0.204181,-3.14938e-07,1.91482e-06
Frozen Choir,pluck,2,0.215496,-3.39247e-07,0.000260745
Frozen Choir,vocal,0,0.0763154,-7.43599e-08,9.46506e-07
Frozen Choir,vocal,1,0.0811882,-1.26502e-08,1.31322e-06
Frozen Choir,vocal,2,0.0734679,-6.52084e-09,9.02246e-05
Frozen Choir,pad,0,0.0832762,-9.04127e-08,8.94162e-08
Frozen Choir,pad,1,0.097471,-4.31608e-08,1.24166e-07
Frozen Choir,pad,2,0.0892316,-4.0145e-08,9.0812e-06
Frozen Choir,percussion,0,0.154778,-4.27716e-07,8.75144e-07
Frozen Choir,percussion,1,0.120625,3.30222e-08,1.05277e-06
Frozen Choir,percussion,2,0.120221,3.37838e-08,0.000218802
Frozen Choir,chords,0,0.0919605,-4.10076e-08,6.1312e-08
Frozen Choir,chords,1,0.0948485,1.97319e-08,8.522e-08
Frozen Choir,chords,2,0.0952758,1.97185e-08,1.08305e-05
Dark Matter,impulse,0,0.320545,-5.98236e-07,6.05407e-07
Dark Matter,impulse,1,0.195262,1.85448e-08,2.04075e-08
Dark Matter,impulse,2,0.195239,2.05715e-08,2.10825e-08
Dark Matter,pluck,0,0.186659,-1.30456e-07,1.25897e-05
Dark Matter,pluck,1,0.190105,-1.10972e-07,1.85149e-05
Dark Matter,pluck,2,0.196806,-1.14621e-07,0.000222592
Dark Matter,vocal,0,0.0897636,-8.67303e-08,7.49546e-06
Dark Matter,vocal,1,0.0799035,-1.23676e-08,1.10231e-05
Dark Matter,vocal,2,0.0789253,-1.712e-08,0.000115035
Dark Matter,pad,0,0.103805,-5.52179e-08,9.12366e-07
Dark Matter,pad,1,0.0689568,3.0088e-09,1.34177e-06
Dark Matter,pad,2,0.0663319,6.44364e-09,1.27149e-05
Dark Matter,percussion,0,0.205782,-4.91296e-07,6.45245e-06
Dark Matter,percussion,1,0.111588,1.9888e-08,9.46108e-06
Dark Matter,percussion,2,0.114166,2.04529e-08,0.000131232
Dark Matter,chords,0,0.110973,-4.4943e-08,9.20473e-07
Dark Matter,chords,1,0.068606,1.63668e-08,1.35369e-06
Dark Matter,chords,2,0.0681257,1.62428e-08,1.65178e-05
Microgravity Slap,impulse,0,0.384386,-7.31421e-07,7.33516e-07
Microgravity Slap,impulse,1,0.229465,1.78043e-08,2.61628e-08
Microgravity Slap,impulse,2,0.229468,2.29593e-08,2.3985e-08
Microgravity Slap,pluck,0,0.14244,-1.46391e-07,8.5599e-09
Microgravity Slap,pluck,1,0.154769,-3.35043e-07,2.44979e-08
Microgravity Slap,pluck,2,0.165382,-3.40838e-07,2.04909e-08
Microgravity Slap,vocal,0,0.0804579,-1.24559e-07,9.20902e-09
Microgravity Slap,vocal,1,0.0769228,-7.17311e-08,2.62628e-08
Microgravity Slap,vocal,2,0.0720231,-8.16047e-08,2.60784e-08
Microgravity Slap,pad,0,0.136878,-1.76918e-07,8.68227e-09
Microgravity Slap,pad,1,0.0974594,-5.58683e-08,2.48731e-08
Microgravity Slap,pad,2,0.0944419,-6.015e-08,2.57532e-08
Microgravity Slap,percussion,0,0.206753,-6.36686e-07,6.09021e-07
Microgravity Slap,percussion,1,0.0972799,1.86851e-08,2.4292e-08
Microgravity Slap,percussion,2,0.0969822,2.32202e-08,2.30506e-08
Microgravity Slap,chords,0,0.113038,-7.39391e-08,1.00545e-08
Microgravity Slap,chords,1,0.0885431,7.85598e-09,2.85159e-08
Microgravity Slap,chords,2,0.0847637,-2.8676e-10,1.93819e-08
