preset,impulse_active_rms_db,impulse_crest_db,impulse_tail_energy,impulse_decay_proxy_s,impulse_centroid_hz,impulse_lf_fraction,impulse_hf_fraction,impulse_width,impulse_transient_preservation_db,impulse_shimmer_contribution,impulse_modulation_proxy,impulse_dominant_pitch_variance_hz2,pluck_active_rms_db,pluck_crest_db,pluck_tail_energy,pluck_decay_proxy_s,pluck_centroid_hz,pluck_lf_fraction,pluck_hf_fraction,pluck_width,pluck_transient_preservation_db,pluck_shimmer_contribution,pluck_modulation_proxy,pluck_dominant_pitch_variance_hz2,vocal_active_rms_db,vocal_crest_db,vocal_tail_energy,vocal_decay_proxy_s,vocal_centroid_hz,vocal_lf_fraction,vocal_hf_fraction,vocal_width,vocal_transient_preservation_db,vocal_shimmer_contribution,vocal_modulation_proxy,vocal_dominant_pitch_variance_hz2,pad_active_rms_db,pad_crest_db,pad_tail_energy,pad_decay_proxy_s,pad_centroid_hz,pad_lf_fraction,pad_hf_fraction,pad_width,pad_transient_preservation_db,pad_shimmer_contribution,pad_modulation_proxy,pad_dominant_pitch_variance_hz2,percussion_active_rms_db,percussion_crest_db,percussion_tail_energy,percussion_decay_proxy_s,percussion_centroid_hz,percussion_lf_fraction,percussion_hf_fraction,percussion_width,percussion_transient_preservation_db,percussion_shimmer_contribution,percussion_modulation_proxy,percussion_dominant_pitch_variance_hz2,chords_active_rms_db,chords_crest_db,chords_tail_energy,chords_decay_proxy_s,chords_centroid_hz,chords_lf_fraction,chords_hf_fraction,chords_width,chords_transient_preservation_db,chords_shimmer_contribution,chords_modulation_proxy,chords_dominant_pitch_variance_hz2
Low Orbit,0.09315934708889273,0.6483737005803358,-0.015114367258222577,-0.8681828728574339,-0.40878437532060535,1.029265458398594,-0.46859173934075843,-0.5484187956477079,0.6315005037603127,0.15561074167151184,-0.7252151388088447,-0.4798507750345352,0.33530755987183575,-0.08648390448545583,-0.6655643869432242,-0.8948507547817609,0.3990222784555118,-0.38714253645152835,-0.23319595253092948,-0.6457618089200282,0.2903940533483023,0.1133184158447888,1.1244740890549296,-0.9708512907617334,-0.47521036334756306,-0.44542882429686087,-0.7042571480740151,-0.8664096225437881,-0.06850336294005582,-0.3898503203661022,-0.732313625465139,-0.3621645457400529,0.6466317903244541,-0.04793605264371707,0.7652271000899422,-1.1024729219990903,-0.13755242248462898,-0.08413273289188469,-0.6136169874542013,-0.8652892581609298,-0.5134138182672188,-0.2924247443241527,-0.73413490562172,-0.7571823906042091,0.6609318333022774,0.26940398347036004,-0.2566418094393191,-0.6060481949889869,-0.2472597475797119,0.48691915186069684,-0.424975105780489,-0.8681056944194687,-0.8270748010490586,0.7847351752027338,-0.7838008543749171,-0.5254999146849958,0.5231109966005748,-0.003880193890898968,1.225872068166875,-1.2573011905468872,-0.12320933452277402,0.401645210620853,-0.7332888916536867,-0.8431882025696684,-0.2016757719460967,0.42589099293426785,-1.0625298631579339,-0.6824010746712688,0.5243902251930006,0.3673861042673446,1.008916197755495,-0.3728439531159902
Tidal Lock,0.2390654480916573,-0.03369371600180057,-0.014458053903071493,-0.34182267370799396,0.19256626030576388,0.2651794256847262,0.5336699938111032,0.17856798282461678,0.1663077639503069,0.4116281816884636,0.19817407440345544,-0.7549680261261125,0.4196307800266937,0.3997457037216289,0.20437827286092503,-0.1550289684819276,0.5549346397255523,-0.46556864890559785,-0.16774981288242566,-0.06411857058075464,-0.2744142398457001,0.4814851292978143,0.02856209060827425,-0.007992382715261585,-1.1404030006063057,0.37072753359121013,-0.4200344288657618,-0.29390912057562774,0.48458654787663696,-0.01020667790387911,-0.21728006413083226,-0.06732811451473748,0.049220779609469134,0.41367347330371784,1.050451780099258,0.9021791827958635,0.4631601532329178,1.659420799368273,0.01878994507702414,-0.17771221927999525,0.1344917581868335,0.1730596310571525,-0.6121514111664358,0.016954830470372637,0.1467771029236239,0.33233101708531604,-0.38793263552509827,1.5858585280821236,-0.9141759048599088,0.5406408650417095,0.1894169205755739,-0.17744632921426112,-0.027872125431617364,0.3193950271269229,-0.21500978262496015,0.29397552368227897,-0.0795511786209315,0.3144010044377047,-0.011236036068805596,0.49141244937656114,0.5950970867646239,-0.17012156307166698,0.42231743992202614,-0.2559678472086494,0.21268089676060775,0.2233234010717018,-0.8029771042168673,-0.019179868927737962,-0.026178553298600946,0.48836139462308525,0.28395490767154186,0.9276114538364485
Trade Winds,-0.6041878592443545,0.46689402041507155,-0.015113298755454833,-0.7264705115479694,0.009824605918190695,0.7478126843344091,-0.22276752029896324,-0.2230890883962593,-0.13128249721054594,0.27459837191285624,-0.4655832383818909,-0.4268528821936269,-0.20875836665518827,-0.49222270517096617,-0.5696472480814048,-0.5887176018301059,-0.6172257397014403,-0.3463281906713631,-0.5706372350535471,-0.28478061945273925,-0.4214454879489139,0.23672204530423813,0.20286292638861111,-1.19375366994569,-0.8447962869099341,-0.15465217776059634,-0.6467178537679767,-0.6174963608185009,1.0556878895863262,0.006276584683803432,-0.7581489492727822,-0.3442445457123701,-0.02612401809984649,0.35183499618693514,-1.1060551402687697,0.9285698514196951,-0.621862169782214,-0.33863517989753256,-0.2866390198143764,-0.6452646057190309,-0.9554380196688598,0.9988843560731621,-0.7999843469345775,0.05271879817387967,-0.08246813687090748,0.29132008512352964,0.6813562233645435,0.19077889517862845,-0.048360428218450636,-0.3897974298086896,-0.40579717598530135,-0.702347446770219,-0.8619194143760923,0.7356348457924742,-0.7785052459075723,-0.34444940669297763,-0.13951486038668728,0.18577191382339442,1.1082180297670796,-1.143891271127305,-0.25414777473418465,-0.266601488298889,-0.43272862328948775,-0.619485210051185,-0.6165591002681698,0.5565871786740851,-0.42406317869554233,-0.2683462312773301,-0.7194524550765247,0.30687191614319514,0.8564040605487895,-0.3535346567345043
Solar Wind,-0.2671935511177464,0.16508560479138173,-0.01350777219216006,0.1035590332646091,-1.1242087165473391,0.6930170909666121,-1.7545684929909324,-0.17165209443556545,-0.10840303443899103,0.693448417488169,0.23643285753003912,-0.3932195573816973,0.11387074235233385,-0.6956008057900239,0.42584619388838213,0.2531485687869458,-0.31667860194415054,-0.5363189094007281,-0.2796357552703888,-0.27466751381412813,-0.2894237856289232,0.9808592291455019,0.07648288800910921,-0.13859972086068306,0.7970910487623973,0.2473609073423697,1.139501377640117,0.25370005522000416,-0.2990466028394173,-0.3692590418107241,-0.15483538026312724,-0.4185245212951763,-0.05439067949043782,1.3487883778288057,-1.6078566034008546,0.6732924521041664,-0.3955270974457469,-0.7464012445618484,0.17449966676742765,0.06981551471714129,-0.030439519402928186,0.32615440150026376,-0.07143104189192324,-0.22652033986671288,-0.0455319937553844,0.7468113358080826,0.6179776953847727,0.989827449809437,-0.190358264460002,-0.44130082560205075,0.16595477688243268,0.07119104225961345,-0.49354280377042375,0.4894893832954396,-0.5572493650289048,-0.26329273379897183,-0.24149665606430562,0.8968262167732385,0.6405693082316244,0.6729674797356204,0.2256681399717848,-0.9699176044364491,0.5383452781370338,0.07958664156907556,-0.4097791220428584,0.3039985094587935,0.4037589958566027,-0.1755533583039515,-0.19465925504752185,0.7598165321059676,-0.7033758848063532,-0.49075941316991883
Escape Velocity,0.059950855876488095,0.2923046804871107,-0.002679142168474009,0.710897724590886,-0.06477995169266967,0.5246246218316546,-0.5985228257955207,0.3952229622190061,0.29734922708321027,0.49085479786867847,-0.019543874478344228,-0.3482643365900319,0.09863407902595082,-0.18991143697014737,0.6569065444943464,0.6613261060558192,-0.005404301719196476,-0.28479535772838865,1.2754537331910172,0.5553938357223916,-0.19959222066207324,0.669998590066209,-0.6385379748048671,0.05587101876173273,-0.53777729746608,-0.5671732749412591,0.06497026056606199,0.9506571880508078,0.9835973687262406,-0.23640325749647303,1.8922483243575285,0.8447934010158368,0.29710317715307594,0.7391935434041123,0.1591641766368849,1.2549733003880004,0.41409574863571236,1.4448363097702035,0.7660961191988745,0.45485865649046425,0.9717962191590118,-0.41109397099573725,0.25730909362591337,0.5356859734152485,0.3004028654266228,0.8369488108585669,-1.3335201732675008,1.3317458930431976,0.29914685752860604,-0.557547073826473,0.6987346601075899,0.8447295312894462,-0.4043530348584019,0.46758336949912194,-0.5117300363710803,0.42272038312638904,0.14029332906796702,0.8089664471777623,-1.4443958795628031,0.8011983424138627,0.3389605330709393,-0.6676033722549393,0.64950857492988,0.7227327450597156,0.4360341751212613,-0.23529627816957496,-0.114997225655443,0.623612863813424,0.8037419275347465,0.7750265710763106,-0.10515931991244203,0.12576085487576041
Zero-G,1.2491727310921559,-1.345251496360297,0.0376283060314662,1.6623950076687197,1.135083983065935,-0.24436899347282082,1.1077120499716924,0.5226630915812609,-0.054275200693788495,1.0973151805468686,1.372275996627503,-0.09945892510828948,0.8411936408518267,2.002284630291185,2.300111612602017,1.7072810453073075,0.8979835001794619,-0.09490146079558691,0.45941450543183615,0.28026811138665736,2.1498763966487644,1.1247955824874456,1.041745381571868,2.420555843426715,-0.21487609330048882,-0.8267106039623184,2.509037741078825,1.6227229947090833,-0.4539213539674523,-0.3004581303171562,-0.12928072664166146,-0.11023362783965045,-0.3474374998122046,1.113654188974354,-0.2885365880544427,1.430292997545571,-0.102951476570903,-0.9917995089281861,2.39948573109515,2.0225343051389952,1.1954048473804058,-0.9050650264591351,-0.4673462680378011,0.14037707179548164,-0.1812166545146227,1.1773254198559835,-0.36509284973436,1.6731043252521811,0.12743178194946406,1.584388905793785,2.4877596604095853,1.4525097726700287,0.12384740053342405,0.04706970450294151,-0.10785117172556717,0.35567198925647836,0.014356983458577909,1.2296192204863547,-0.6224403372790407,0.9349546137837841,-0.2534042299679986,3.1286667669792148,2.225856617632132,1.9251363298465645,0.852031182942039,-0.43248160060955976,-0.7822442960247868,0.2514975293104123,-0.5234390135627819,1.0741602350364663,0.35853757372935036,2.1391711078461504
Event Horizon,2.5097527558647403,-3.331210422683117,0.18096050104699235,2.4721799294370888,0.8443241590727255,-0.6640661794825296,0.7573095901593707,1.5505333454794692,-0.5128856553716342,2.6439172014184975,2.891824727165445,-0.5358473727850979,1.3037935876828441,2.29123556563867,3.113174692966397,1.7327921413866119,1.017702973733896,-0.13409737339815464,-0.2647181160881772,2.5148142761112537,1.6766372240495069,1.402371276244771,-0.5655770338685931,2.1869560787200104,1.7182745900670398,2.4745671919965764,3.046732929984703,2.0956581919871287,-0.6688380157719348,-0.35044851484517775,-0.551941586082586,2.7923211307267595,-1.0031737514822179,1.282928978090726,-0.5981756633201616,0.9296587358479094,-0.3012840618271418,-1.9479482260962138,2.9806448380964694,2.517589773133268,1.5724752866322376,-1.2969113472415819,-0.7911083892429932,2.125707295114045,-0.7916660147202284,1.2946467742964023,-1.323171979669328,2.031952967131668,-0.04856867497582915,3.756355499185257,3.1844103043060836,2.2813010109162786,0.34493188794425017,-0.21964088142467683,0.12742229695674986,2.0545976755532283,-0.2547769987318994,1.5259681974331505,-0.733725278116037,1.0506257817653466,-0.2798872488129902,2.40979733278207,3.0892509790238725,1.9810620779761852,1.0820622675801332,-0.5822881038183629,-0.9019637731632862,2.4831189239454274,-1.0780361886424572,1.199246440396822,-0.40837218823576793,2.8606801368803314
Glass Transit,-0.840503695845085,-0.05308115557601785,-0.01506328041013869,-0.4430457889290401,-0.017106812204525527,0.6264005261194844,-0.34346665177157504,0.7725868002169689,-0.7864482021889585,0.7908883499452758,0.1810179611264088,2.268230933130228,-0.3162521686343381,0.6417447393989448,-0.18095988953721975,-0.4101399292749737,0.2517393885238166,-0.49466042661959647,-0.15365172918940723,0.6212158859597321,-0.6586067045233508,0.4944998131418824,0.16879664789818014,0.009836459055309624,0.6421030918503255,-1.7586256440193744,0.12193373454414638,-0.39347442526574244,-0.1452330039564309,-0.5512849312378084,-0.7368559613642021,0.12858246001396406,-0.7636449924481886,0.5233925183916264,0.18415260601071662,-1.3002644229075715,-0.8350268512262524,1.3743108036707765,-0.1272098343441723,-0.3427307086114197,0.3343838814447542,0.002806914489794348,-0.6828525491595717,0.7309029192728799,-0.7507186123056522,0.62993047621219,-0.01280972099902781,-0.4692430929148911,-0.9324591933858438,-0.36388821683994305,-0.35526982631877874,-0.536589199120969,-0.7969519398281918,0.7440448841872723,-0.765094424842881,0.604699001009204,-1.118962331368471,0.6036917079505084,0.14485346123128,-1.1117538586211728,-0.37203421219592814,-0.5213439780720157,0.0976231518635957,-0.4237450915975119,0.4259477891739664,0.2698941814805149,-0.19904232002298622,0.7111933265186912,-0.1654983811511764,0.7072942787720701,0.5184314334703737,-0.07883188616184118
Cassette Moon,0.9716742977452469,0.3643981834327846,-0.015114097948166838,-0.6657366424153417,0.4189588883217712,-0.009182059829099492,0.5427933725709249,-0.4546525141450634,1.1264200832505877,-0.0784907135455896,0.2418117373323023,-0.2679529918188701,1.3001779888691731,-1.4060446916693239,-0.5726327941626684,-0.6907619861473242,-0.11585821524576534,0.29241755713428264,1.6434384257753123,-0.5410306337984568,0.6984261324551866,0.2839794683908455,-1.6754508190297386,-0.6992137867892436,-0.5257178015380619,0.1261776159511965,-0.6554784389942018,-0.6672790131635584,2.2491210073890193,0.08346721703935908,2.2318678830138263,-0.08528485770520362,1.048989484503677,0.37661320078743143,0.6206159154424741,0.6812953278977872,-0.4995976478340526,1.7146779380822201,-0.38550341508037833,-0.6177615241637936,-0.35911385603368623,1.0933699851246999,1.0970469647782182,-0.24566920167472117,1.0886101485974968,1.2925776143135008,1.2091200010121312,-0.033663314045413735,1.2033219407684443,-0.5924411167117698,-0.4295092264498074,-0.7852265705948439,-0.42597505089276094,0.44100921359745254,-0.4634562322699387,-0.5947789777402254,0.9502507579276013,0.34599909680299457,0.12443857535866415,-1.0972886827318002,0.8831219128723778,-0.23424094069985113,-0.555304812806833,-0.6754109581808059,0.030074776104090813,0.4020352552210392,0.37049148178157765,-0.4097604794642583,1.3163901398211433,0.6904915879884528,0.27737201613338686,-0.37866093155788993
Pulsar Eighths,0.7442503663663222,0.00843184846820798,-0.015114335840539308,-0.9289167419900617,-0.886773717557938,0.4679538872378896,-0.3939239548278997,-0.609571190046751,0.5975263073139723,0.11627279440997133,1.1766182322175962,-0.5767259153177937,0.9061548827181917,-0.7492796743238281,-0.9790327609619985,-1.0224062351782839,0.769794816876306,-0.4346981586018034,-0.48841063246472477,-0.39705933549777445,0.3195535091679399,0.3908497174962784,1.3821907207202737,1.006576394970946,2.022561975233667,-1.712020681666889,-0.7120498482891283,-1.0406489057514892,-1.1855179668025977,-0.33638692965037026,-0.9338388685819607,-0.31185474369444294,0.5490650754237545,0.17813562907016894,-1.7217143260814116,-1.239574679309468,0.5217269429764313,0.9687599447521146,-0.8587504723791104,-0.9753015843818795,0.662879198866597,-0.2245137029017982,-0.8169155922765374,-0.3939989650550342,0.5901278049264905,0.7946571446266417,-0.1684835572167496,0.5160207588970349,1.0633568143647192,-0.5703275460052297,-0.8717873665372661,-1.0338639420687188,-1.7472488029757745,1.1683060626605204,-1.1992374853269774,-0.7441633057416503,0.6790292723814402,0.6557930961054368,0.8910988068553584,-1.0498398962726956,0.3690229122463385,-0.23521730818868086,-0.8492804539207287,-0.9550396988289102,0.3302170628405704,-0.3440462838085518,-0.603277377534644,-0.40170488789221337,0.45554519866823656,0.6552039714399399,-0.968670214327069,1.5112815175345127
Frozen Choir,-0.5444884890656118,-2.5925416882799883,-0.0029722809576668606,0.6906531015466768,0.8397566638732813,-0.4144818602469186,0.7100557395746608,1.2242758832269776,-2.7021439442825717,1.5213211895548449,1.3665350454391643,-0.08711610913510373,-0.42196593517257924,-0.032150625766819214,1.50443305068474,0.9929703550867791,0.23362982753636918,-0.01883435782432272,0.026516242821377795,1.0381461611800662,-1.9238030949965943,1.6121743088213425,0.5261482224307419,-0.022059628838260934,-0.16323538229952894,1.4082681273008815,0.6260430699781073,0.9257658618782791,0.21226603322655227,-0.22509691626100017,0.10448102495810081,1.637407658452999,-2.8240184119192504,1.450316276877893,-0.04166119431315037,0.7489977057128917,-2.5840039090430276,-2.5816047813786525,1.949288414260037,0.7298894720428382,-1.019452575542423,0.7749019939991696,0.3959588889869227,1.3455640776669504,-2.714048764205056,1.0876381820871717,1.2655613257063574,0.54948510620959,-2.745128191551646,-1.0125139037235933,0.7842183644089592,0.7065976582484046,0.27550270106534813,-0.1218925292601153,0.05202429534677099,1.1494485142730826,-3.1398182516806976,1.5042028280494353,0.19291656918395203,0.9350036565221773,-1.9561431467953683,-0.8737523441514526,1.4447104843306562,0.6947698709949054,-0.04266124329934795,-0.1890291837034461,0.3922923312095477,1.2485749858878938,-1.5568616996920097,1.2738116933093546,1.0702837410721033,-0.3647040424672586
Dark Matter,-0.11257200689544163,-1.29467684085048,0.05134594887159954,1.6623950076687197,1.7741185772560961,-1.5193145660427292,2.2571273069695654,1.6961344334153354,-1.145160799984877,0.23401815612086513,0.41445579899938517,-0.3717271294393796,-1.3450087699294104,1.971666679199816,0.7550329416220279,1.5797255649107844,-0.2036823422634143,3.133076002468039,2.5242223468750074,1.939419265541095,-0.1012248747906511,0.5743363453426402,0.006156855663729379,0.1281817199362071,0.7174546266335082,1.8729204484225346,1.0310553587326052,1.6227229947090833,-1.0188663745591364,1.0698048707188872,1.721109466967586,1.6161670814988756,-1.237066958133586,0.7563742789840721,-0.49994003850505125,-1.5232094490861623,-0.6854212058102388,-0.06909112764883171,0.349751310054806,1.3624603478132982,0.3010193450934521,-1.0453209191087887,2.4032296715744046,1.4887807976230827,-1.2574689938103658,-0.18785127847271912,-1.7038940672291614,-1.237430024107534,-0.9786193684350263,2.0879094956313256,0.6706304247659796,1.7287735187521116,1.7383150763267994,-1.3870030539098024,1.757536428161607,1.8347679456019648,-0.9248314273447107,0.791482267963139,-0.09021478830037442,0.9805763649237718,-1.4401208739632423,2.2175147577436634,0.3678440676495159,1.3658788485503557,-0.23430887840816716,0.06608527630494875,2.122362828010343,1.7189561815304126,-1.9819182937931583,-0.0008257957603158005,-0.3511027010287486,-0.6007708105547469
Microgravity Slap,1.28237578598073,0.6530548370157903,-0.015114355955264008,-1.0706291032995263,-0.712395086821057,-0.8068990968005291,-0.0693574560750004,-1.5241654510047682,1.6440524334356188,0.08511661245379122,0.6881421450408605,-0.24394345425385355,2.117595829527323,-1.2971190157892791,-0.9914789108748613,-1.1244506194955024,-0.07172244239892822,-0.40469754088491944,-0.6411289337286984,-1.1753999466637028,1.3470363321819223,-0.009179662359243767,-2.4756912197166736,-1.1243376874381672,1.8571708452840103,-0.5066459968172935,-0.8561167799376437,-1.1651055366141327,-0.5622186391529658,-0.3935282205013078,-1.0390894726233102,-1.1184414173459125,1.6159795331364881,-0.045602028631771506,-1.8807947891704577,-1.6189647634038005,2.057141736576215,-0.021446606727295068,-0.9811710293800066,-1.0853139106028291,1.3094933357398255,-0.9151637211470324,-0.8185683230447023,-1.3068749661701375,1.6227494570670062,0.33390474804649445,-1.1807774910373083,-1.2296406131354232,1.6329394550439784,-0.43177556070822,-0.9112279179047366,-1.1443694405015519,0.45104662742706386,-0.5848694788885719,0.479105020126868,-1.2283484486683274,1.5518824427961333,0.14531612474069705,1.5132276043705029,-1.0661910007183872,2.2368938193219945,-0.9877247818870006,-0.9476724546620987,-1.0668911950881521,1.1202542631914856,-0.981613265029645,-0.01809052317437184,-1.2358353695775102,1.6771891480021572,0.3151002823810243,-2.346145120933646,-0.8359053826428887
