preset,parameter,raw,effective
Low Orbit,space,0.35,0.35
Low Orbit,wild,0.05,0.05
Low Orbit,bloom,0.2,0.2
Low Orbit,timeMs,360,524.535
Low Orbit,syncMode,0,0
Low Orbit,feedback,0.42,0.453266
Low Orbit,mix,0.32,0.355569
Low Orbit,killDry,0,0
Low Orbit,lowCutHz,80,97.3091
Low Orbit,highCutHz,8200,7821.14
Low Orbit,diffusion,0.48,0.571
Low Orbit,chaos,0,0.01377
Low Orbit,wobble,0.1,0.109562
Low Orbit,presence,0.5,0.5
Low Orbit,modRateHz,0.15,0.164059
Low Orbit,modDepth,0.1,0.110519
Low Orbit,modShape,1,1
Low Orbit,shimmerInterval,2,2
Low Orbit,shimmerAmount,0,0.028
Low Orbit,shimmerFeedback,0.3,0.3
Low Orbit,duckThreshold,-24,-24
Low Orbit,duckAmount,0.1,0.1162
Low Orbit,inputTrim,0,0
Low Orbit,outputTrim,0,0
Low Orbit,bypass,0,0
Low Orbit,qualityMode,0,0
Low Orbit,freezeEngage,0,0
Low Orbit,freezeMode,1,1
Low Orbit,atmosFdnOn,0,0
Low Orbit,wetWidth,0.6,0.677
Tidal Lock,space,0.58,0.58
Tidal Lock,wild,0.12,0.12
Tidal Lock,bloom,0.44,0.44
Tidal Lock,timeMs,720,1026.36
Tidal Lock,syncMode,0,0
Tidal Lock,feedback,0.62,0.666103
Tidal Lock,mix,0.46,0.522141
Tidal Lock,killDry,0,0
Tidal Lock,lowCutHz,80,110.676
Tidal Lock,highCutHz,9000,9004.95
Tidal Lock,diffusion,0.72,0.8012
Tidal Lock,chaos,0,0.0369792
Tidal Lock,wobble,0.1,0.12568
Tidal Lock,presence,0.5,0.5
Tidal Lock,modRateHz,0.15,0.185981
Tidal Lock,modDepth,0.1,0.128248
Tidal Lock,modShape,1,1
Tidal Lock,shimmerInterval,2,2
Tidal Lock,shimmerAmount,0,0.0464
Tidal Lock,shimmerFeedback,0.3,0.3
Tidal Lock,duckThreshold,-24,-24
Tidal Lock,duckAmount,0.24,0.306211
Tidal Lock,inputTrim,0,0
Tidal Lock,outputTrim,1.25,1.25
Tidal Lock,bypass,0,0
Tidal Lock,qualityMode,0,0
Tidal Lock,freezeEngage,0,0
Tidal Lock,freezeMode,1,1
Tidal Lock,atmosFdnOn,0,0
Tidal Lock,wetWidth,0.6,0.7276
Trade Winds,space,0.42,0.42
Trade Winds,wild,0.28,0.28
Trade Winds,bloom,0.3,0.3
Trade Winds,timeMs,540,744.486
Trade Winds,syncMode,0,0
Trade Winds,feedback,0.45,0.508773
Trade Winds,mix,0.35,0.401
Trade Winds,killDry,0,0
Trade Winds,lowCutHz,80,101.197
Trade Winds,highCutHz,9000,8686.08
Trade Winds,diffusion,0.4,0.526
Trade Winds,chaos,0,0.107251
Trade Winds,wobble,0.32,0.376274
Trade Winds,presence,0.5,0.5
Trade Winds,modRateHz,0.32,0.408747
Trade Winds,modDepth,0.28,0.345542
Trade Winds,modShape,0,0
Trade Winds,shimmerInterval,2,2
Trade Winds,shimmerAmount,0,0.0336
Trade Winds,shimmerFeedback,0.3,0.3
Trade Winds,duckThreshold,-24,-24
Trade Winds,duckAmount,0.1,0.13645
Trade Winds,inputTrim,0,0
Trade Winds,outputTrim,0,0
Trade Winds,bypass,0,0
Trade Winds,qualityMode,0,0
Trade Winds,freezeEngage,0,0
Trade Winds,freezeMode,1,1
Trade Winds,atmosFdnOn,0,0
Trade Winds,wetWidth,0.74,0.80006
Solar Wind,space,0.66,0.66
Solar Wind,wild,0.34,0.34
Solar Wind,bloom,0.55,0.55
Solar Wind,timeMs,900,1263.37
Solar Wind,syncMode,0,0
Solar Wind,feedback,0.72,0.766258
Solar Wind,mix,0.35,0.4435
Solar Wind,killDry,0,0
Solar Wind,lowCutHz,80,115.743
Solar Wind,highCutHz,9000,9493.92
Solar Wind,diffusion,0.4,0.598
Solar Wind,chaos,0,0.139781
Solar Wind,wobble,0.1,0.19707
Solar Wind,presence,0.62,0.62
Solar Wind,modRateHz,0.15,0.275843
Solar Wind,modDepth,0.1,0.206777
Solar Wind,modShape,1,1
Solar Wind,shimmerInterval,1,1
Solar Wind,shimmerAmount,0.18,0.223296
Solar Wind,shimmerFeedback,0.42,0.42
Solar Wind,duckThreshold,-24,-24
Solar Wind,duckAmount,0.1,0.222512
Solar Wind,inputTrim,0,0
Solar Wind,outputTrim,0.4,0.4
Solar Wind,bypass,0,0
Solar Wind,qualityMode,0,0
Solar Wind,freezeEngage,0,0
Solar Wind,freezeMode,1,1
Solar Wind,atmosFdnOn,0,0
Solar Wind,wetWidth,0.6,0.7452
Escape Velocity,space,0.76,0.76
Escape Velocity,wild,0.62,0.62
Escape Velocity,bloom,0.48,0.48
Escape Velocity,timeMs,1120,1560.96
Escape Velocity,syncMode,0,0
Escape Velocity,feedback,0.78,0.818625
Escape Velocity,mix,0.35,0.4316
Escape Velocity,killDry,0,0
Escape Velocity,lowCutHz,80,122.405
Escape Velocity,highCutHz,9000,8782.81
Escape Velocity,diffusion,0.4,0.628
Escape Velocity,chaos,0.36,0.575129
Escape Velocity,wobble,0.48,0.614871
Escape Velocity,presence,0.5,0.5
Escape Velocity,modRateHz,0.15,0.455559
Escape Velocity,modDepth,0.1,0.356773
Escape Velocity,modShape,1,1
Escape Velocity,shimmerInterval,2,2
Escape Velocity,shimmerAmount,0,0.0608
Escape Velocity,shimmerFeedback,0.3,0.3
Escape Velocity,duckThreshold,-24,-24
Escape Velocity,duckAmount,0.1,0.193312
Escape Velocity,inputTrim,0,0
Escape Velocity,outputTrim,0.5,0.5
Escape Velocity,bypass,0,0
Escape Velocity,qualityMode,0,0
Escape Velocity,freezeEngage,0,0
Escape Velocity,freezeMode,1,1
Escape Velocity,atmosFdnOn,1,1
Escape Velocity,wetWidth,0.6,0.7672
Zero-G,space,0.88,0.88
Zero-G,wild,0.18,0.18
Zero-G,bloom,0.74,0.74
Zero-G,timeMs,1500,1999.54
Zero-G,syncMode,0,0
Zero-G,feedback,0.86,0.882128
Zero-G,mix,0.58,0.661286
Zero-G,killDry,0,0
Zero-G,lowCutHz,80,130.907
Zero-G,highCutHz,10800,10995.6
Zero-G,diffusion,0.86,0.9216
Zero-G,chaos,0,0.0605232
Zero-G,wobble,0.1,0.14203
Zero-G,presence,0.5,0.5
Zero-G,modRateHz,0.15,0.20709
Zero-G,modDepth,0.1,0.146233
Zero-G,modShape,1,1
Zero-G,shimmerInterval,2,2
Zero-G,shimmerAmount,0,0.0704
Zero-G,shimmerFeedback,0.3,0.3
Zero-G,duckThreshold,-24,-24
Zero-G,duckAmount,0.1,0.321778
Zero-G,inputTrim,0,0
Zero-G,outputTrim,2.25,2.25
Zero-G,bypass,0,0
Zero-G,qualityMode,0,0
Zero-G,freezeEngage,0,0
Zero-G,freezeMode,1,1
Zero-G,atmosFdnOn,1,1
Zero-G,wetWidth,0.6,0.7936
Event Horizon,space,1,1
Event Horizon,wild,0.92,0.92
Event Horizon,bloom,0.82,0.82
Event Horizon,timeMs,1900,2000
Event Horizon,syncMode,0,0
Event Horizon,feedback,0.95,0.961584
Event Horizon,mix,0.7,0.764338
Event Horizon,killDry,0,0
Event Horizon,lowCutHz,80,140
Event Horizon,highCutHz,9000,10788.9
Event Horizon,diffusion,0.4,0.7
Event Horizon,chaos,0.72,0.895827
Event Horizon,wobble,0.82,0.907216
Event Horizon,presence,0.5,0.5
Event Horizon,modRateHz,0.15,0.779813
Event Horizon,modDepth,0.1,0.579688
Event Horizon,modShape,2,2
Event Horizon,shimmerInterval,2,2
Event Horizon,shimmerAmount,0.34,0.3928
Event Horizon,shimmerFeedback,0.3,0.3
Event Horizon,duckThreshold,-24,-24
Event Horizon,duckAmount,0.1,0.372322
Event Horizon,inputTrim,0,0
Event Horizon,outputTrim,3.25,3.25
Event Horizon,bypass,0,0
Event Horizon,qualityMode,0,0
Event Horizon,freezeEngage,0,0
Event Horizon,freezeMode,1,1
Event Horizon,atmosFdnOn,1,1
Event Horizon,wetWidth,0.6,0.82
Glass Transit,space,0.54,0.54
Glass Transit,wild,0.08,0.08
Glass Transit,bloom,0.46,0.46
Glass Transit,timeMs,640,919.429
Glass Transit,syncMode,0,0
Glass Transit,feedback,0.57,0.623406
Glass Transit,mix,0.42,0.489778
Glass Transit,killDry,0,0
Glass Transit,lowCutHz,80,108.226
Glass Transit,highCutHz,13000,11445.8
Glass Transit,diffusion,0.68,0.7664
Glass Transit,chaos,0,0.0231552
Glass Transit,wobble,0.1,0.11608
Glass Transit,presence,0.68,0.68
Glass Transit,modRateHz,0.15,0.173118
Glass Transit,modDepth,0.1,0.117688
Glass Transit,modShape,1,1
Glass Transit,shimmerInterval,2,2
Glass Transit,shimmerAmount,0.26,0.291968
Glass Transit,shimmerFeedback,0.38,0.38
Glass Transit,duckThreshold,-24,-24
Glass Transit,duckAmount,0.1,0.185698
Glass Transit,inputTrim,0,0
Glass Transit,outputTrim,0.5,0.5
Glass Transit,bypass,0,0
Glass Transit,qualityMode,0,0
Glass Transit,freezeEngage,0,0
Glass Transit,freezeMode,1,1
Glass Transit,atmosFdnOn,0,0
Glass Transit,wetWidth,0.92,0.94376
Cassette Moon,space,0.38,0.38
Cassette Moon,wild,0.46,0.46
Cassette Moon,bloom,0.24,0.24
Cassette Moon,timeMs,460,641.334
Cassette Moon,syncMode,0,0
Cassette Moon,feedback,0.52,0.572704
Cassette Moon,mix,0.4,0.437662
Cassette Moon,killDry,0,0
Cassette Moon,lowCutHz,110,128.338
Cassette Moon,highCutHz,5800,6262.36
Cassette Moon,diffusion,0.32,0.4492
Cassette Moon,chaos,0.18,0.356258
Cassette Moon,wobble,0.62,0.683025
Cassette Moon,presence,0.38,0.38
Cassette Moon,modRateHz,0.2,0.386822
Cassette Moon,modDepth,0.46,0.558518
Cassette Moon,modShape,1,1
Cassette Moon,shimmerInterval,2,2
Cassette Moon,shimmerAmount,0,0.0304
Cassette Moon,shimmerFeedback,0.3,0.3
Cassette Moon,duckThreshold,-24,-24
Cassette Moon,duckAmount,0.1,0.123328
Cassette Moon,inputTrim,0,0
Cassette Moon,outputTrim,1,1
Cassette Moon,bypass,0,0
Cassette Moon,qualityMode,0,0
Cassette Moon,freezeEngage,0,0
Cassette Moon,freezeMode,1,1
Cassette Moon,atmosFdnOn,0,0
Cassette Moon,wetWidth,0.7,0.7627
Pulsar Eighths,space,0.28,0.28
Pulsar Eighths,wild,0.24,0.24
Pulsar Eighths,bloom,0.18,0.18
Pulsar Eighths,timeMs,420,547.14
Pulsar Eighths,syncMode,2,2
Pulsar Eighths,feedback,0.64,0.664752
Pulsar Eighths,mix,0.44,0.466363
Pulsar Eighths,killDry,0,0
Pulsar Eighths,lowCutHz,80,93.5709
Pulsar Eighths,highCutHz,9000,8569.63
Pulsar Eighths,diffusion,0.24,0.3464
Pulsar Eighths,chaos,0.12,0.196944
Pulsar Eighths,wobble,0.18,0.235323
Pulsar Eighths,presence,0.5,0.5
Pulsar Eighths,modRateHz,0.5,0.565346
Pulsar Eighths,modDepth,0.34,0.388981
Pulsar Eighths,modShape,2,2
Pulsar Eighths,shimmerInterval,2,2
Pulsar Eighths,shimmerAmount,0,0.0224
Pulsar Eighths,shimmerFeedback,0.3,0.3
Pulsar Eighths,duckThreshold,-28,-28
Pulsar Eighths,duckAmount,0.42,0.428456
Pulsar Eighths,inputTrim,0,0
Pulsar Eighths,outputTrim,1,1
Pulsar Eighths,bypass,0,0
Pulsar Eighths,qualityMode,0,0
Pulsar Eighths,freezeEngage,0,0
Pulsar Eighths,freezeMode,1,1
Pulsar Eighths,atmosFdnOn,0,0
Pulsar Eighths,wetWidth,0.82,0.84772
Frozen Choir,space,0.82,0.82
Frozen Choir,wild,0.1,0.1
Frozen Choir,bloom,0.86,0.86
Frozen Choir,timeMs,1350,1841.16
Frozen Choir,syncMode,0,0
Frozen Choir,feedback,0.82,0.854081
Frozen Choir,mix,0.64,0.720972
Frozen Choir,killDry,0,0
Frozen Choir,lowCutHz,80,126.585
Frozen Choir,highCutHz,12000,12362.8
Frozen Choir,diffusion,0.92,0.9528
Frozen Choir,chaos,0,0.02988
Frozen Choir,wobble,0.1,0.12075
Frozen Choir,presence,0.7,0.7
Frozen Choir,modRateHz,0.15,0.179435
Frozen Choir,modDepth,0.1,0.122825
Frozen Choir,modShape,1,1
Frozen Choir,shimmerInterval,1,1
Frozen Choir,shimmerAmount,0.38,0.420672
Frozen Choir,shimmerFeedback,0.55,0.55
Frozen Choir,duckThreshold,-24,-24
Frozen Choir,duckAmount,0.1,0.399538
Frozen Choir,inputTrim,0,0
Frozen Choir,outputTrim,1.5,1.5
Frozen Choir,bypass,0,0
Frozen Choir,qualityMode,0,0
Frozen Choir,freezeEngage,0,0
Frozen Choir,freezeMode,1,1
Frozen Choir,atmosFdnOn,1,1
Frozen Choir,wetWidth,1,1
Dark Matter,space,0.9,0.9
Dark Matter,wild,0.56,0.56
Dark Matter,bloom,0.7,0.7
Dark Matter,timeMs,1700,1999.97
Dark Matter,syncMode,0,0
Dark Matter,feedback,0.88,0.903211
Dark Matter,mix,0.62,0.689569
Dark Matter,killDry,0,0
Dark Matter,lowCutHz,160,207.826
Dark Matter,highCutHz,4200,8307.48
Dark Matter,diffusion,0.8,0.89
Dark Matter,chaos,0.48,0.6297
Dark Matter,wobble,0.6,0.688853
Dark Matter,presence,0.22,0.22
Dark Matter,modRateHz,0.09,0.357529
Dark Matter,modDepth,0.52,0.637286
Dark Matter,modShape,1,1
Dark Matter,shimmerInterval,0,0
Dark Matter,shimmerAmount,0.12,0.18336
Dark Matter,shimmerFeedback,0.25,0.25
Dark Matter,duckThreshold,-24,-24
Dark Matter,duckAmount,0.1,0.29845
Dark Matter,inputTrim,0,0
Dark Matter,outputTrim,2,2
Dark Matter,bypass,0,0
Dark Matter,qualityMode,0,0
Dark Matter,freezeEngage,0,0
Dark Matter,freezeMode,1,1
Dark Matter,atmosFdnOn,1,1
Dark Matter,wetWidth,0.88,0.9394
Microgravity Slap,space,0.12,0.12
Microgravity Slap,wild,0.08,0.08
Microgravity Slap,bloom,0.06,0.06
Microgravity Slap,timeMs,95,145.403
Microgravity Slap,syncMode,0,0
Microgravity Slap,feedback,0.32,0.336545
Microgravity Slap,mix,0.28,0.291298
Microgravity Slap,killDry,0,0
Microgravity Slap,lowCutHz,140,145.194
Microgravity Slap,highCutHz,10500,10038.9
Microgravity Slap,diffusion,0.18,0.2292
Microgravity Slap,chaos,0,0.0231552
Microgravity Slap,wobble,0.1,0.11608
Microgravity Slap,presence,0.7,0.7
Microgravity Slap,modRateHz,0.4,0.419994
Microgravity Slap,modDepth,0.08,0.0980811
Microgravity Slap,modShape,0,0
Microgravity Slap,shimmerInterval,2,2
Microgravity Slap,shimmerAmount,0,0.0096
Microgravity Slap,shimmerFeedback,0.3,0.3
Microgravity Slap,duckThreshold,-24,-24
Microgravity Slap,duckAmount,0.1,0.101458
Microgravity Slap,inputTrim,0,0
Microgravity Slap,outputTrim,0,0
Microgravity Slap,bypass,0,0
Microgravity Slap,qualityMode,0,0
Microgravity Slap,freezeEngage,0,0
Microgravity Slap,freezeMode,1,1
Microgravity Slap,atmosFdnOn,0,0
Microgravity Slap,wetWidth,0.55,0.5797
