preset,Low Orbit,Tidal Lock,Trade Winds,Solar Wind,Escape Velocity,Zero-G,Event Horizon,Glass Transit,Cassette Moon,Pulsar Eighths,Frozen Choir,Dark Matter,Microgravity Slap
Low Orbit,0.0,0.7503910623167867,0.5797925252861681,0.8831720303838003,1.080017972422677,1.5913797055837013,2.169775795639749,0.8185193602910281,0.9227926444955926,0.7872313275952972,1.6592045159274535,1.7734604989911285,1.127834586307587
Tidal Lock,0.7503910623167867,0.0,0.7181660940763307,0.7775830632211331,0.6698450203294808,1.2290006290200854,1.7644015049499138,0.8044962347516376,0.8929179759474628,0.9745085986718766,1.3684969712306534,1.519685008818681,1.3344265508705255
Trade Winds,0.5797925252861681,0.7181660940763307,0.0,0.6897835060289105,1.0014163121673394,1.5727841991664953,2.1165898292617067,0.7813571181248405,0.8895667504864241,0.9292061776847246,1.38995990912823,1.71174812405375,1.297003431326253
Solar Wind,0.8831720303838003,0.7775830632211331,0.6897835060289105,0.0,0.7994799326644004,1.3162946888091265,1.8091474182078378,0.8468640302588181,1.038205981043113,0.9253019818524011,1.2519925920141934,1.5791184104561504,1.2729326621401469
Escape Velocity,1.080017972422677,0.6698450203294808,1.0014163121673394,0.7994799326644004,0.0,1.1832452319364588,1.688757621043237,0.9476591372431417,0.9242156062690501,1.1678234361161222,1.3995482663966639,1.4363843527846714,1.4571420233187902
Zero-G,1.5913797055837013,1.2290006290200854,1.5727841991664953,1.3162946888091265,1.1832452319364588,0.0,0.9932844339067616,1.4565935634922826,1.6755188322165313,1.602727765480359,1.4767868675111104,1.4507171304019955,1.9690783232966884
Event Horizon,2.169775795639749,1.7644015049499138,2.1165898292617067,1.8091474182078378,1.688757621043237,0.9932844339067616,0.0,1.9345672059287105,2.220573410437035,2.1278675634963315,1.6359111478858752,1.5832382173480042,2.4211784973964106
Glass Transit,0.8185193602910281,0.8044962347516376,0.7813571181248405,0.8468640302588181,0.9476591372431417,1.4565935634922826,1.9345672059287105,0.0,1.1311626783417004,0.9384913986051607,1.2846941674602117,1.5375710546435857,1.4274281013171068
Cassette Moon,0.9227926444955926,0.8929179759474628,0.8895667504864241,1.038205981043113,0.9242156062690501,1.6755188322165313,2.220573410437035,1.1311626783417004,0.0,1.1051025404333508,1.7523460751864903,1.7769248070014023,1.1854050740492112
Pulsar Eighths,0.7872313275952972,0.9745085986718766,0.9292061776847246,0.9253019818524011,1.1678234361161222,1.602727765480359,2.1278675634963315,0.9384913986051607,1.1051025404333508,0.0,1.8190733518500637,1.93240467676262,0.9915049416536853
Frozen Choir,1.6592045159274535,1.3684969712306534,1.38995990912823,1.2519925920141934,1.3995482663966639,1.4767868675111104,1.6359111478858752,1.2846941674602117,1.7523460751864903,1.8190733518500637,0.0,1.3886282434611312,2.2255772478338693
Dark Matter,1.7734604989911285,1.519685008818681,1.71174812405375,1.5791184104561504,1.4363843527846714,1.4507171304019955,1.5832382173480042,1.5375710546435857,1.7769248070014023,1.93240467676262,1.3886282434611312,0.0,2.1232985580657595
Microgravity Slap,1.127834586307587,1.3344265508705255,1.297003431326253,1.2729326621401469,1.4571420233187902,1.9690783232966884,2.4211784973964106,1.4274281013171068,1.1854050740492112,0.9915049416536853,2.2255772478338693,2.1232985580657595,0.0
