feature,mean,std,transform
impulse_active_rms_db,-61.428573190424586,0.4481623071591258,identity
impulse_crest_db,59.99573481378802,0.5129277308683219,identity
impulse_tail_energy,1.511436913346328e-08,1e-06,log1p
impulse_decay_proxy_s,5.888461538461537,4.939583205951765,identity
impulse_centroid_hz,9.357673004963267,0.09956760636034989,log1p
impulse_lf_fraction,0.004538787624774301,0.0013152385424846588,identity
impulse_hf_fraction,0.6282548909475414,0.04712575595519637,identity
impulse_width,0.1929209113663616,0.07175121346975931,identity
impulse_transient_preservation_db,-3.1237357971177837,0.5216230434734698,identity
impulse_shimmer_contribution,0.14356171724387318,0.12742228513665005,identity
impulse_modulation_proxy,0.5208301560371292,0.06660441728023454,identity
impulse_dominant_pitch_variance_hz2,12.399948383295108,1.7292170314992203,log1p
pluck_active_rms_db,-28.160701753507876,0.4401176556894919,identity
pluck_crest_db,19.30851719472762,0.9466364517682448,identity
pluck_tail_energy,0.001299393241068262,0.0012807437609760903,log1p
pluck_decay_proxy_s,4.907692307692307,3.919862936862331,identity
pluck_centroid_hz,5.945145499259685,0.027717014591283513,log1p
pluck_lf_fraction,0.0034237987463216677,0.003365817789976888,identity
pluck_hf_fraction,2.2851585239991996e-06,1.4234742707135533e-06,identity
pluck_width,0.08076168280853338,0.03134658112040661,identity
pluck_transient_preservation_db,-2.8778576803588813,0.5259547599348768,identity
pluck_shimmer_contribution,0.1448538301575683,0.11521914477152623,identity
pluck_modulation_proxy,0.39058473245547237,0.02324154818952198,identity
pluck_dominant_pitch_variance_hz2,10.228280060763657,0.8809245022157304,log1p
vocal_active_rms_db,-35.123248997921806,1.359572249460186,identity
vocal_crest_db,18.850659557500123,0.7314045224571042,identity
vocal_tail_energy,0.00031617546029137395,0.00032016725550789164,log1p
vocal_decay_proxy_s,5.2807692307692315,4.017463726394976,identity
vocal_centroid_hz,6.634570514349653,0.05651448210681813,log1p
vocal_lf_fraction,0.00020835498655220335,0.00028961644978049955,identity
vocal_hf_fraction,6.253757210953012e-06,5.767944604673142e-06,identity
vocal_width,0.05529724281453497,0.02359987014707076,identity
vocal_transient_preservation_db,-3.2085029625410986,0.6019182236291716,identity
vocal_shimmer_contribution,0.12892706840175222,0.10382857094738282,identity
vocal_modulation_proxy,0.13359126021056691,0.012306804965708013,identity
vocal_dominant_pitch_variance_hz2,9.437926338867278,1.704315473569007,log1p
pad_active_rms_db,-28.50240731597645,0.9751457108521405,identity
pad_crest_db,17.010278218329994,0.3054700185866134,identity
pad_tail_energy,0.0005316310967824745,0.0005281297246179518,log1p
pad_decay_proxy_s,4.546153846153846,3.6359562036406463,identity
pad_centroid_hz,5.424865257185745,0.05355031349426647,log1p
pad_lf_fraction,0.5105583934312837,0.0786876125770084,identity
pad_hf_fraction,8.668320514663918e-07,1.0543714593947556e-06,identity
pad_width,0.08497007833528904,0.03155824009521474,identity
pad_transient_preservation_db,-3.095958795663405,0.5490955757267934,identity
pad_shimmer_contribution,0.15630741593430092,0.12428595271234834,identity
pad_modulation_proxy,0.2090142743223937,0.019930843270054337,identity
pad_dominant_pitch_variance_hz2,7.393106577421879,1.311115577009752,log1p
percussion_active_rms_db,-32.47318427454641,0.5415788295431758,identity
percussion_crest_db,25.897512870227008,0.5052985356270895,identity
percussion_tail_energy,5.8385916966614656e-05,6.388431234176684e-05,log1p
percussion_decay_proxy_s,4.342307692307693,3.6197293860732693,identity
percussion_centroid_hz,8.018144317843355,0.3231492829173329,log1p
percussion_lf_fraction,0.7326801400356033,0.09963687982880855,identity
percussion_hf_fraction,0.16935937677248672,0.06353668389035108,identity
percussion_width,0.1422593853314076,0.05755701138543397,identity
percussion_transient_preservation_db,-3.297980437877389,0.5835149269630121,identity
percussion_shimmer_contribution,0.15978195945336054,0.1254023976228033,identity
percussion_modulation_proxy,0.7912877421450903,0.09994080181296862,identity
percussion_dominant_pitch_variance_hz2,8.427961874206227,4.371767951491459,log1p
chords_active_rms_db,-33.47544574288828,0.5761178799344496,identity
chords_crest_db,21.552781323118,0.5273628184998738,identity
chords_tail_energy,0.00014856264338170225,0.00015323972311166175,log1p
chords_decay_proxy_s,4.415384615384616,3.576170309540674,identity
chords_centroid_hz,5.23695170193838,0.04950106536775776,log1p
chords_lf_fraction,0.6825335517516748,0.050710342720674303,identity
chords_hf_fraction,1.5867050810602163e-06,1.0847245303727316e-06,identity
chords_width,0.09191518052648401,0.03599017597230228,identity
chords_transient_preservation_db,-3.090447953991656,0.5136801788983779,identity
chords_shimmer_contribution,0.16509665207354596,0.12951985299532945,identity
chords_modulation_proxy,0.3158881358080409,0.017075014808264483,identity
chords_dominant_pitch_variance_hz2,7.807397686625933,0.7942892486929102,log1p
